Employee_ID,Department,Age,Salary,Projects_Completed,Working_Hours,Performance_Score,Promotion_Status
EMP0001,Finance,22,106187,9,37,78,No
EMP0002,Finance,58,107188,14,31,94,Yes
EMP0003,Sales,53,107440,20,30,57,No
EMP0004,Sales,49,111511,19,38,67,No
EMP0005,IT,48,122564,11,38,91,Yes
EMP0006,Support,27,88685,12,57,99,No
EMP0007,HR,50,97744,18,33,86,Yes
EMP0008,Operations,57,77089,7,52,73,Yes
EMP0009,Sales,39,86404,3,57,75,No
EMP0010,Operations,31,87832,12,41,80,No
EMP0011,Finance,59,96316,6,47,74,No
EMP0012,Sales,41,91314,2,37,67,Yes
EMP0013,Operations,46,95508,9,32,81,No
EMP0014,Sales,52,117583,13,58,100,Yes
EMP0015,IT,37,116139,5,37,74,No
EMP0016,Support,44,72948,8,34,60,No
EMP0017,HR,28,82171,5,50,84,Yes
EMP0018,Support,59,87619,15,46,90,No
EMP0019,HR,28,85977,18,54,73,Yes
EMP0020,IT,50,117230,1,60,92,No
EMP0021,Marketing,53,92339,6,46,95,No
EMP0022,Sales,30,90746,12,54,62,No
EMP0023,HR,59,99596,11,45,100,No
EMP0024,Marketing,36,91085,2,37,78,No
EMP0025,Finance,26,121297,16,56,93,Yes
EMP0026,R&D,56,126895,6,38,83,No
EMP0027,Support,34,86257,18,54,73,Yes
EMP0028,Operations,49,87832,17,44,67,Yes
EMP0029,Finance,42,78967,1,48,59,Yes
EMP0030,HR,35,65264,3,58,69,No
EMP0031,Finance,53,93267,8,38,70,No
EMP0032,R&D,36,131319,16,55,67,Yes
EMP0033,Finance,48,91187,12,43,54,No
EMP0034,Finance,24,108609,13,53,87,No
EMP0035,Finance,36,92206,7,36,68,No
EMP0036,Sales,25,109662,15,55,73,No
EMP0037,Finance,24,118946,18,56,80,No
EMP0038,IT,47,120952,16,45,75,No
EMP0039,HR,31,94846,13,30,84,No
EMP0040,Marketing,48,106270,18,51,74,No
EMP0041,Sales,39,93948,7,60,93,No
EMP0042,HR,24,96738,19,45,82,No
EMP0043,IT,24,120463,17,32,77,No
EMP0044,Sales,46,96236,4,60,71,No
EMP0045,HR,60,68883,3,43,66,No
EMP0046,Sales,41,89784,8,38,62,Yes
EMP0047,Marketing,50,93958,11,59,75,No
EMP0048,Finance,25,111388,18,36,70,Yes
EMP0049,Operations,25,85700,8,41,72,No
EMP0050,HR,56,90318,10,59,87,Yes
EMP0051,IT,37,111362,4,58,86,Yes
EMP0052,Sales,42,100191,7,51,84,No
EMP0053,R&D,37,106122,2,32,60,Yes
EMP0054,IT,37,106739,6,53,58,No
EMP0055,Support,56,83959,1,33,97,Yes
EMP0056,HR,44,92326,19,47,86,Yes
EMP0057,HR,40,87053,12,58,100,No
EMP0058,Sales,36,90931,4,41,61,No
EMP0059,Support,60,89594,5,59,96,No
EMP0060,IT,47,107667,1,35,64,No
EMP0061,Support,36,85689,9,35,76,Yes
EMP0062,R&D,35,129597,7,56,69,No
EMP0063,Marketing,35,84964,8,30,68,No
EMP0064,Marketing,43,100933,17,42,64,No
EMP0065,Operations,22,91270,4,58,82,No
EMP0066,HR,27,92213,20,43,73,No
EMP0067,Operations,48,102014,20,46,94,Yes
EMP0068,Support,21,99813,17,59,92,Yes
EMP0069,Sales,44,114009,14,32,100,Yes
EMP0070,Finance,40,111426,17,39,66,No
EMP0071,Support,39,90161,18,34,81,No
EMP0072,IT,60,133303,19,39,91,Yes
EMP0073,HR,40,80726,10,36,60,No
EMP0074,R&D,49,126502,7,46,81,No
EMP0075,IT,26,108630,10,46,66,No
EMP0076,Sales,40,85862,8,55,60,Yes
EMP0077,HR,36,89940,16,49,77,No
EMP0078,Sales,45,100047,16,42,71,Yes
EMP0079,HR,27,93086,14,37,88,Yes
EMP0080,Sales,28,118130,15,34,100,Yes
EMP0081,Operations,49,104808,20,56,72,No
EMP0082,R&D,31,126796,16,44,61,No
EMP0083,Marketing,54,104140,16,50,75,Yes
EMP0084,Marketing,42,99499,11,58,87,Yes
EMP0085,IT,35,122047,13,52,79,No
EMP0086,R&D,47,126396,2,36,81,Yes
EMP0087,HR,57,95044,13,45,86,Yes
EMP0088,Support,55,91733,18,55,75,No
EMP0089,R&D,35,125808,9,43,63,No
EMP0090,Support,31,80691,15,59,76,No
EMP0091,HR,46,92022,19,48,72,Yes
EMP0092,R&D,32,115111,2,38,70,No
EMP0093,R&D,41,139484,11,54,82,No
EMP0094,Marketing,26,102272,16,30,68,No
EMP0095,Operations,35,73408,3,54,78,No
EMP0096,Sales,22,105808,20,34,74,Yes
EMP0097,Finance,57,91949,7,44,68,No
EMP0098,Finance,31,97731,10,33,55,Yes
EMP0099,Marketing,57,101000,13,42,82,No
EMP0100,Sales,27,100410,10,57,72,No
EMP0101,Finance,57,80479,2,41,57,No
EMP0102,Operations,21,91681,14,56,71,Yes
EMP0103,Operations,50,87007,5,43,81,Yes
EMP0104,R&D,50,141577,14,56,88,Yes
EMP0105,Operations,36,81563,3,38,81,No
EMP0106,Support,42,72942,1,45,68,No
EMP0107,R&D,34,132067,12,55,74,No
EMP0108,Marketing,56,93133,1,46,84,Yes
EMP0109,Sales,47,108032,16,47,75,No
EMP0110,R&D,22,108830,3,39,56,No
EMP0111,Sales,40,102771,19,41,60,No
EMP0112,Operations,43,91973,15,38,77,Yes
EMP0113,Finance,33,107057,11,33,73,No
EMP0114,Sales,51,88209,9,53,45,No
EMP0115,Marketing,27,82231,7,39,76,No
EMP0116,IT,38,112166,2,31,82,Yes
EMP0117,IT,52,114043,4,57,84,Yes
EMP0118,IT,24,123168,9,60,75,No
EMP0119,Finance,46,98985,16,32,58,Yes
EMP0120,Marketing,26,88843,8,33,66,No
EMP0121,Sales,54,106292,13,44,83,No
EMP0122,Marketing,57,105138,20,31,69,No
EMP0123,Finance,34,93097,7,38,71,No
EMP0124,IT,21,124244,14,44,69,No
EMP0125,Marketing,23,88538,8,39,70,Yes
EMP0126,Sales,37,107571,19,51,56,No
EMP0127,Support,28,89793,18,37,59,Yes
EMP0128,HR,31,80170,10,49,54,No
EMP0129,Marketing,49,91044,4,44,68,No
EMP0130,R&D,49,106203,3,49,57,No
EMP0131,Operations,59,101496,9,30,100,No
EMP0132,HR,38,104152,19,31,91,No
EMP0133,R&D,54,130591,15,59,67,No
EMP0134,R&D,26,142890,16,41,100,Yes
EMP0135,Finance,31,110536,11,43,71,No
EMP0136,HR,50,67485,3,40,65,No
EMP0137,Support,53,65488,1,51,84,Yes
EMP0138,Operations,60,91192,16,50,65,No
EMP0139,Sales,38,115140,18,34,86,Yes
EMP0140,HR,59,73344,8,52,69,No
EMP0141,HR,56,82958,14,32,78,No
EMP0142,Finance,30,121890,16,59,97,Yes
EMP0143,Marketing,47,98734,16,45,75,Yes
EMP0144,IT,25,127243,9,54,90,No
EMP0145,Operations,53,99421,9,56,94,No
EMP0146,R&D,30,134185,15,47,75,Yes
EMP0147,Support,50,84918,11,57,81,Yes
EMP0148,Support,23,87149,11,53,92,No
EMP0149,Support,45,84166,5,45,81,No
EMP0150,Finance,49,102266,4,46,73,No
EMP0151,IT,47,98596,5,32,43,No
EMP0152,Support,26,86598,11,57,81,No
EMP0153,Support,41,77346,16,57,58,No
EMP0154,Marketing,35,76712,3,43,70,No
EMP0155,Finance,49,95414,6,52,74,No
EMP0156,Marketing,43,90735,12,43,77,No
EMP0157,Support,57,76167,6,35,82,No
EMP0158,Sales,52,109754,19,34,89,Yes
EMP0159,Marketing,50,106165,9,51,96,Yes
EMP0160,IT,25,122261,15,60,76,No
EMP0161,Marketing,48,91752,9,44,79,No
EMP0162,Finance,36,102281,13,48,68,No
EMP0163,Marketing,22,109651,13,38,98,No
EMP0164,HR,59,97613,16,56,76,No
EMP0165,Sales,59,99904,12,37,64,No
EMP0166,IT,27,109020,2,39,62,No
EMP0167,Operations,29,72627,3,59,69,Yes
EMP0168,Operations,54,99765,17,59,94,No
EMP0169,Marketing,51,97823,10,53,89,No
EMP0170,IT,35,122106,13,60,59,No
EMP0171,Operations,26,89538,13,30,74,No
EMP0172,Marketing,58,101411,13,56,81,No
EMP0173,Finance,35,100124,16,30,53,No
EMP0174,Sales,25,100736,15,59,55,Yes
EMP0175,Support,28,77471,5,31,84,Yes
EMP0176,Sales,55,90282,5,42,71,No
EMP0177,Support,58,72517,5,58,70,No
EMP0178,Marketing,23,95614,12,36,77,No
EMP0179,Sales,44,87314,4,51,57,No
EMP0180,Support,38,77301,7,60,94,No
EMP0181,R&D,26,110128,7,50,54,No
EMP0182,Sales,29,93424,19,36,50,No
EMP0183,Sales,58,91517,7,56,82,No
EMP0184,HR,38,75300,5,34,67,No
EMP0185,IT,28,110698,1,34,96,No
EMP0186,HR,32,76476,9,31,76,No
EMP0187,Finance,25,104936,16,44,77,No
EMP0188,Sales,60,88232,2,53,60,No
EMP0189,Marketing,50,89484,1,31,98,No
EMP0190,R&D,49,112823,3,58,74,No
EMP0191,IT,25,111717,5,38,63,No
EMP0192,Marketing,50,96498,17,49,63,Yes
EMP0193,Finance,56,94053,7,43,66,No
EMP0194,Support,47,72742,4,40,77,No
EMP0195,Marketing,44,93927,5,51,78,Yes
EMP0196,Support,27,75731,12,55,72,No
EMP0197,Operations,28,98979,14,41,95,No
EMP0198,HR,39,85661,20,39,54,Yes
EMP0199,Sales,30,108663,16,37,81,Yes
EMP0200,Marketing,57,86380,8,55,65,No
EMP0201,HR,59,81562,9,30,82,No
EMP0202,Operations,21,83397,6,57,91,Yes
EMP0203,Support,25,77424,5,53,72,No
EMP0204,Support,47,79778,15,40,72,No
EMP0205,Operations,57,106360,20,32,80,No
EMP0206,Finance,38,106447,15,51,70,No
EMP0207,R&D,47,126093,9,36,75,No
EMP0208,R&D,54,121762,10,31,69,No
EMP0209,HR,21,90820,7,39,94,Yes
EMP0210,Operations,28,79239,1,45,68,No
EMP0211,IT,45,131145,18,52,76,No
EMP0212,Finance,46,91207,2,43,90,No
EMP0213,Finance,41,106943,19,43,58,Yes
EMP0214,Support,22,83428,11,35,66,No
EMP0215,R&D,44,123248,3,43,80,No
EMP0216,Finance,46,98012,10,53,67,No
EMP0217,IT,25,136992,17,50,85,No
EMP0218,Operations,30,83399,8,33,84,Yes
EMP0219,IT,59,119835,5,54,75,No
EMP0220,R&D,50,138794,19,54,70,No
EMP0221,Operations,41,83061,5,44,86,No
EMP0222,HR,43,90485,17,32,80,No
EMP0223,HR,24,90263,12,56,71,Yes
EMP0224,Support,50,104284,19,47,91,No
EMP0225,HR,49,96364,19,50,81,Yes
EMP0226,HR,49,88031,4,55,90,No
EMP0227,Finance,53,97649,6,31,75,No
EMP0228,IT,44,121484,12,59,87,Yes
EMP0229,Operations,59,73251,2,55,67,Yes
EMP0230,Support,39,82202,9,53,67,No
EMP0231,IT,42,102032,3,48,61,No
EMP0232,Support,29,91568,20,52,52,Yes
EMP0233,Support,42,74329,5,51,66,No
EMP0234,Finance,48,94148,17,41,47,No
EMP0235,IT,34,113703,11,60,75,Yes
EMP0236,Marketing,27,99693,17,54,67,No
EMP0237,HR,42,88112,20,34,69,No
EMP0238,IT,49,105218,2,43,71,No
EMP0239,Sales,49,106083,20,39,75,No
EMP0240,Marketing,51,85413,7,41,54,No
EMP0241,R&D,50,132231,10,54,64,Yes
EMP0242,Sales,59,91496,5,57,84,Yes
EMP0243,R&D,44,150095,18,59,93,Yes
EMP0244,Finance,31,113432,9,44,88,No
EMP0245,Support,26,66436,8,56,64,No
EMP0246,Support,53,82026,12,37,78,No
EMP0247,Operations,35,87098,1,40,95,Yes
EMP0248,IT,29,112180,2,39,65,No
EMP0249,IT,51,121843,15,49,79,Yes
EMP0250,IT,56,129184,20,46,75,Yes
EMP0251,Marketing,36,102107,10,33,86,No
EMP0252,Finance,28,112282,16,49,78,Yes
EMP0253,Sales,30,103449,10,43,86,Yes
EMP0254,Finance,54,113270,12,32,75,No
EMP0255,HR,45,78555,16,31,52,No
EMP0256,Operations,25,85558,12,37,49,No
EMP0257,Finance,58,114678,11,34,89,No
EMP0258,R&D,51,119059,6,55,79,Yes
EMP0259,R&D,23,123386,10,36,82,Yes
EMP0260,Marketing,53,98447,13,56,77,No
EMP0261,HR,33,86693,10,41,77,No
EMP0262,Finance,44,105553,14,58,72,No
EMP0263,Support,42,78762,6,45,70,No
EMP0264,Finance,48,92870,3,43,64,No
EMP0265,IT,55,117893,10,40,83,Yes
EMP0266,Support,31,87675,15,41,81,Yes
EMP0267,Operations,60,81089,14,38,61,Yes
EMP0268,Support,44,86986,17,55,58,No
EMP0269,HR,30,88351,20,51,75,Yes
EMP0270,Operations,44,91743,13,60,71,Yes
EMP0271,IT,49,113155,12,41,70,No
EMP0272,Support,41,87137,9,37,76,Yes
EMP0273,IT,52,133097,17,42,80,No
EMP0274,R&D,34,142220,20,39,71,No
EMP0275,R&D,33,130223,4,34,82,No
EMP0276,Finance,41,94863,12,52,64,No
EMP0277,Marketing,40,81552,6,52,70,No
EMP0278,Sales,28,82275,7,55,56,Yes
EMP0279,R&D,22,127138,12,47,62,Yes
EMP0280,Finance,25,104896,10,42,69,No
EMP0281,Support,47,86715,19,32,82,Yes
EMP0282,Operations,29,101930,18,50,82,Yes
EMP0283,IT,48,132388,17,59,90,Yes
EMP0284,IT,31,117121,11,59,58,Yes
EMP0285,Marketing,26,82250,9,36,64,No
EMP0286,Finance,53,101677,6,48,63,No
EMP0287,IT,60,138570,20,40,83,No
EMP0288,Finance,23,112168,19,38,62,Yes
EMP0289,Support,60,75817,1,45,86,No
EMP0290,R&D,36,127780,13,39,65,Yes
EMP0291,HR,31,88039,15,43,66,Yes
EMP0292,Operations,43,96312,13,34,75,No
EMP0293,Finance,41,98308,8,44,84,Yes
EMP0294,Marketing,45,104467,20,43,84,No
EMP0295,IT,41,126413,19,53,67,No
EMP0296,R&D,52,126929,10,45,93,Yes
EMP0297,Support,53,79047,15,60,75,Yes
EMP0298,R&D,59,141493,16,39,90,Yes
EMP0299,Finance,48,95156,5,58,73,No
EMP0300,Support,24,90089,19,47,86,Yes
EMP0301,Marketing,25,97121,13,46,60,No
EMP0302,Finance,29,95564,4,42,79,No
EMP0303,Operations,56,92726,12,54,85,Yes
EMP0304,HR,23,78906,5,52,87,No
EMP0305,R&D,30,138444,20,58,64,Yes
EMP0306,Support,60,77061,10,48,73,No
EMP0307,R&D,57,132689,10,45,79,No
EMP0308,Support,58,83125,10,55,64,No
EMP0309,HR,59,102166,16,38,95,Yes
EMP0310,Sales,24,102093,19,45,70,No
EMP0311,Support,30,67025,8,31,58,Yes
EMP0312,Operations,47,82413,5,43,66,No
EMP0313,R&D,24,125799,5,46,77,No
EMP0314,Support,41,85894,6,44,85,No
EMP0315,Operations,37,102443,20,45,78,Yes
EMP0316,Marketing,39,96000,7,52,83,Yes
EMP0317,R&D,43,140515,18,59,92,Yes
EMP0318,Support,46,84515,12,60,67,No
EMP0319,Marketing,23,91447,10,60,72,No
EMP0320,R&D,34,121624,7,56,64,No
EMP0321,Marketing,29,78531,4,49,74,No
EMP0322,Sales,35,84271,2,33,66,No
EMP0323,R&D,27,125587,5,30,100,Yes
EMP0324,R&D,51,129642,7,54,67,No
EMP0325,Marketing,24,83797,3,50,61,No
EMP0326,HR,32,91323,14,58,68,Yes
EMP0327,HR,46,106372,16,35,100,Yes
EMP0328,HR,21,80925,10,48,63,Yes
EMP0329,Operations,39,96727,15,50,61,Yes
EMP0330,R&D,38,117095,7,55,71,No
EMP0331,R&D,37,124052,6,30,73,No
EMP0332,Sales,32,105014,20,57,53,No
EMP0333,Support,53,74003,11,32,70,No
EMP0334,Sales,21,93958,9,42,78,No
EMP0335,Marketing,42,95609,10,48,74,No
EMP0336,Sales,24,87376,4,44,73,No
EMP0337,Marketing,28,84988,10,41,68,No
EMP0338,R&D,59,132050,12,43,69,No
EMP0339,R&D,55,130955,7,54,75,No
EMP0340,R&D,54,144678,12,32,95,No
EMP0341,HR,56,86575,17,36,68,No
EMP0342,R&D,28,124804,7,52,71,No
EMP0343,R&D,24,122295,15,34,61,No
EMP0344,Marketing,22,101526,13,38,73,Yes
EMP0345,Sales,58,84766,3,31,58,No
EMP0346,Finance,51,95148,2,39,83,Yes
EMP0347,IT,47,121206,12,58,57,No
EMP0348,Finance,55,108944,5,50,91,Yes
EMP0349,IT,55,135577,13,46,98,Yes
EMP0350,HR,40,101081,15,51,98,Yes
EMP0351,Support,35,83108,8,44,69,No
EMP0352,Finance,23,115051,14,49,82,No
EMP0353,HR,36,82144,7,32,77,No
EMP0354,HR,36,73191,2,42,76,No
EMP0355,Sales,24,102064,5,46,83,No
EMP0356,Operations,57,102918,20,54,74,No
EMP0357,Sales,40,84208,5,51,62,Yes
EMP0358,IT,48,119918,18,45,73,No
EMP0359,Support,54,77517,11,52,69,Yes
EMP0360,R&D,36,132949,8,39,78,No
EMP0361,R&D,24,137296,18,43,90,Yes
EMP0362,Marketing,34,86345,11,50,71,No
EMP0363,Operations,26,96379,18,53,76,No
EMP0364,HR,25,82729,7,55,71,No
EMP0365,Sales,51,104342,7,57,83,Yes
EMP0366,Sales,28,99324,16,59,69,No
EMP0367,Sales,46,93739,8,47,70,No
EMP0368,Operations,40,90251,9,41,83,No
EMP0369,R&D,27,138423,16,54,89,Yes
EMP0370,HR,57,67190,8,53,52,Yes
EMP0371,Support,39,77803,5,36,69,No
EMP0372,Operations,37,102804,16,60,85,Yes
EMP0373,R&D,50,127951,6,53,77,No
EMP0374,IT,55,98404,2,46,67,No
EMP0375,Finance,24,89413,1,43,86,No
EMP0376,HR,34,93964,17,44,87,Yes
EMP0377,R&D,52,105174,1,30,62,No
EMP0378,Marketing,55,92428,10,30,72,No
EMP0379,Support,32,69944,4,59,80,No
EMP0380,Marketing,43,91602,9,55,78,Yes
EMP0381,Support,50,97057,19,37,83,No
EMP0382,Finance,23,92713,3,42,74,No
EMP0383,R&D,24,118659,1,52,81,No
EMP0384,Operations,57,85903,4,58,87,No
EMP0385,Sales,34,110863,19,45,71,No
EMP0386,HR,32,100952,11,30,100,Yes
EMP0387,IT,46,116924,3,39,79,No
EMP0388,Operations,45,87993,5,55,82,No
EMP0389,Operations,24,82965,4,43,75,No
EMP0390,Support,41,67328,1,50,79,No
EMP0391,R&D,52,116693,8,41,63,No
EMP0392,Support,26,95925,20,39,71,Yes
EMP0393,Finance,26,90977,9,34,59,No
EMP0394,Operations,44,78035,4,32,89,No
EMP0395,R&D,44,128153,9,33,80,No
EMP0396,Support,27,68998,1,32,80,No
EMP0397,Operations,45,75025,1,39,57,No
EMP0398,Sales,57,113378,17,35,85,Yes
EMP0399,IT,38,115621,10,38,70,No
EMP0400,Marketing,51,80973,3,41,75,No
EMP0401,R&D,59,129910,20,36,68,No
EMP0402,Operations,60,98326,13,55,76,Yes
EMP0403,Operations,48,101541,20,34,69,Yes
EMP0404,Operations,32,94328,13,60,90,Yes
EMP0405,R&D,57,118687,8,40,59,No
EMP0406,Sales,58,116269,18,35,90,No
EMP0407,HR,50,74883,7,44,81,No
EMP0408,Support,52,63511,5,50,53,No
EMP0409,IT,48,117789,13,32,59,No
EMP0410,Support,55,80266,2,55,80,No
EMP0411,Finance,27,101488,8,51,71,Yes
EMP0412,Support,42,74772,14,33,68,Yes
EMP0413,Sales,53,101053,17,47,61,No
EMP0414,R&D,58,131501,17,34,67,No
EMP0415,R&D,27,135270,10,43,79,No
EMP0416,IT,43,116660,10,40,72,No
EMP0417,R&D,43,126375,16,33,57,Yes
EMP0418,HR,28,72520,1,57,82,No
EMP0419,IT,36,121785,17,35,64,No
EMP0420,Sales,46,94543,6,35,71,No
EMP0421,Support,22,92370,20,58,80,Yes
EMP0422,Sales,34,105830,9,54,90,No
EMP0423,Finance,57,95140,4,55,80,Yes
EMP0424,Finance,37,116175,16,46,69,No
EMP0425,Support,60,86151,13,48,83,Yes
EMP0426,Marketing,60,109511,19,32,82,Yes
EMP0427,Finance,36,106069,10,33,82,Yes
EMP0428,IT,57,122493,13,43,91,Yes
EMP0429,IT,56,118545,6,45,73,No
EMP0430,HR,43,69136,1,45,82,Yes
EMP0431,Support,56,80809,17,50,56,No
EMP0432,R&D,52,124713,6,32,75,Yes
EMP0433,Sales,39,93791,2,38,76,No
EMP0434,R&D,56,141183,17,33,84,Yes
EMP0435,Operations,55,76565,2,54,72,Yes
EMP0436,Sales,40,79705,2,44,60,No
EMP0437,Finance,49,101185,4,54,78,No
EMP0438,Operations,60,92345,14,35,67,Yes
EMP0439,Sales,34,87377,2,48,69,Yes
EMP0440,Marketing,39,114104,19,38,82,No
EMP0441,Finance,29,113946,14,59,84,Yes
EMP0442,IT,36,110577,5,52,78,No
EMP0443,Support,52,68196,5,48,63,No
EMP0444,Finance,46,103658,17,53,62,No
EMP0445,Operations,50,93629,16,40,53,No
EMP0446,R&D,43,116406,3,55,63,No
EMP0447,Support,34,86667,16,38,70,No
EMP0448,R&D,42,115081,2,31,83,No
EMP0449,R&D,22,115861,4,59,83,No
EMP0450,Support,33,73049,5,58,64,No
EMP0451,Marketing,26,103531,12,38,90,Yes
EMP0452,Support,40,83389,8,43,83,Yes
EMP0453,Finance,21,105060,7,45,89,No
EMP0454,HR,21,80875,11,56,82,No
EMP0455,Support,29,92654,16,32,75,Yes
EMP0456,Operations,44,88270,10,34,80,No
EMP0457,IT,30,98938,3,46,59,No
EMP0458,Sales,30,103848,14,49,68,No
EMP0459,Sales,26,89341,4,34,75,No
EMP0460,Support,41,64837,5,37,58,No
EMP0461,Sales,56,116971,20,49,73,No
EMP0462,Marketing,34,98498,17,49,65,Yes
EMP0463,Support,39,78808,2,55,98,Yes
EMP0464,Sales,52,104605,20,32,57,No
EMP0465,HR,44,77045,11,34,57,No
EMP0466,IT,51,116373,3,30,89,Yes
EMP0467,Marketing,34,90600,2,59,94,Yes
EMP0468,Support,48,88794,13,32,82,Yes
EMP0469,IT,38,125863,3,39,98,No
EMP0470,Operations,46,107754,19,50,87,No
EMP0471,Finance,40,106855,14,53,83,Yes
EMP0472,Support,28,87175,15,49,72,Yes
EMP0473,IT,28,107933,1,52,76,No
EMP0474,Marketing,31,100284,12,34,76,No
EMP0475,Marketing,28,76546,1,40,78,No
EMP0476,Finance,52,104000,15,46,66,Yes
EMP0477,IT,44,117544,6,38,78,No
EMP0478,Sales,53,84418,1,31,49,No
EMP0479,Sales,23,110606,16,41,69,No
EMP0480,HR,56,86722,14,37,79,Yes
EMP0481,Operations,38,83127,3,48,65,Yes
EMP0482,Sales,54,90718,2,60,85,Yes
EMP0483,R&D,39,130144,10,40,86,Yes
EMP0484,Marketing,60,90983,8,44,81,No
EMP0485,R&D,33,145476,18,54,76,No
EMP0486,Sales,55,103955,12,50,68,No
EMP0487,HR,42,71814,1,54,62,No
EMP0488,Sales,54,88911,8,43,55,No
EMP0489,IT,38,118065,3,31,97,Yes
EMP0490,Operations,50,68865,3,48,62,No
EMP0491,Support,25,90791,19,48,91,Yes
EMP0492,Marketing,41,104579,13,52,81,Yes
EMP0493,Operations,49,94278,9,37,82,No
EMP0494,Finance,30,96465,4,35,78,No
EMP0495,Support,28,89351,18,41,82,Yes
EMP0496,Finance,26,100990,6,55,73,No
EMP0497,HR,34,84728,11,34,82,Yes
EMP0498,HR,40,78298,9,56,79,Yes
EMP0499,Support,49,81419,18,53,69,No
EMP0500,IT,28,112354,1,31,73,No
EMP0501,Sales,29,96761,7,56,60,No
EMP0502,Marketing,25,81189,1,32,85,No
EMP0503,R&D,29,118057,3,58,87,Yes
EMP0504,R&D,24,118552,6,59,57,No
EMP0505,Support,52,63567,1,42,71,No
EMP0506,Marketing,38,91235,15,58,68,Yes
EMP0507,Sales,39,102387,16,43,85,Yes
EMP0508,IT,47,117644,7,50,65,No
EMP0509,Sales,55,89071,1,42,77,No
EMP0510,Operations,57,90813,17,40,63,No
EMP0511,HR,41,99202,20,37,96,Yes
EMP0512,R&D,54,133618,12,54,79,No
EMP0513,IT,27,120813,8,51,75,No
EMP0514,HR,35,104014,19,57,89,Yes
EMP0515,IT,32,110578,8,48,66,No
EMP0516,HR,43,94328,19,48,92,Yes
EMP0517,Sales,52,101120,18,39,76,Yes
EMP0518,Sales,22,99361,17,45,77,No
EMP0519,Sales,29,108824,11,52,84,Yes
EMP0520,HR,30,107727,19,52,94,Yes
EMP0521,Finance,54,114098,12,60,91,Yes
EMP0522,Finance,42,100285,10,40,83,No
EMP0523,Support,52,86275,11,35,70,No
EMP0524,Operations,35,88672,19,56,60,Yes
EMP0525,Marketing,29,96135,6,53,93,Yes
EMP0526,HR,32,102340,20,40,75,No
EMP0527,Sales,57,80474,4,59,64,No
EMP0528,Operations,31,83465,3,56,75,No
EMP0529,Operations,49,76592,1,38,79,No
EMP0530,Finance,21,98779,2,42,92,No
EMP0531,IT,47,115261,16,58,64,No
EMP0532,Sales,31,112844,15,32,85,No
EMP0533,Marketing,22,90637,11,38,79,No
EMP0534,IT,25,133864,18,60,73,No
EMP0535,Operations,59,106640,20,58,72,No
EMP0536,Support,31,68074,2,33,75,No
EMP0537,Sales,47,115223,18,53,88,Yes
EMP0538,Sales,27,87567,2,42,68,No
EMP0539,R&D,30,125898,2,41,80,No
EMP0540,R&D,33,116440,4,30,75,No
EMP0541,Marketing,26,105415,16,57,90,Yes
EMP0542,Marketing,26,102429,18,42,88,Yes
EMP0543,Support,44,75965,6,44,87,Yes
EMP0544,Marketing,57,89024,2,34,78,No
EMP0545,Finance,26,96462,12,55,44,Yes
EMP0546,HR,45,96320,17,43,66,No
EMP0547,R&D,57,130440,8,45,71,No
EMP0548,IT,28,135649,15,35,86,No
EMP0549,Sales,33,80183,5,31,43,No
EMP0550,IT,59,129572,9,40,91,No
EMP0551,Finance,26,100225,13,47,66,No
EMP0552,HR,60,100957,19,46,81,Yes
EMP0553,Support,30,75345,5,48,57,Yes
EMP0554,Finance,57,88887,4,55,64,No
EMP0555,Operations,47,83650,9,42,66,Yes
EMP0556,Marketing,46,84672,5,49,62,No
EMP0557,Support,23,81207,13,58,88,Yes
EMP0558,Marketing,44,83292,1,40,62,No
EMP0559,Marketing,38,105986,16,57,73,Yes
EMP0560,Marketing,49,96290,11,38,69,No
EMP0561,Finance,33,112687,15,36,85,No
EMP0562,Operations,24,88804,17,55,68,Yes
EMP0563,Support,29,92538,17,58,68,No
EMP0564,HR,36,65078,2,44,71,No
EMP0565,Sales,38,103573,12,56,63,Yes
EMP0566,HR,36,88082,12,45,77,No
EMP0567,R&D,58,129537,18,41,62,No
EMP0568,Finance,39,91563,1,42,93,Yes
EMP0569,Sales,35,97659,8,51,79,Yes
EMP0570,HR,51,77687,5,50,91,No
EMP0571,HR,35,90943,9,49,78,No
EMP0572,Marketing,48,91063,13,57,65,No
EMP0573,Sales,50,93876,10,51,58,Yes
EMP0574,Operations,56,95831,20,49,72,Yes
EMP0575,Finance,51,106914,3,40,92,Yes
EMP0576,Marketing,33,91091,5,46,73,Yes
EMP0577,HR,59,78217,13,51,72,No
EMP0578,Marketing,37,98161,14,42,80,No
EMP0579,Sales,42,95352,8,51,54,No
EMP0580,Operations,53,81285,10,57,70,No
EMP0581,IT,39,118393,4,45,81,No
EMP0582,IT,42,109770,3,37,81,Yes
EMP0583,Marketing,47,100046,11,41,74,No
EMP0584,HR,58,99368,19,60,84,Yes
EMP0585,Sales,53,87368,4,57,68,Yes
EMP0586,IT,29,108454,7,40,61,No
EMP0587,R&D,30,127688,11,57,70,No
EMP0588,IT,41,100706,2,30,54,No
EMP0589,IT,57,108970,6,45,79,No
EMP0590,Support,46,77521,14,60,54,No
EMP0591,HR,55,76229,7,53,73,No
EMP0592,Sales,22,91819,1,50,76,Yes
EMP0593,Operations,40,72786,5,33,63,Yes
EMP0594,HR,40,90674,10,44,85,No
EMP0595,Operations,48,91089,5,40,88,Yes
EMP0596,Support,22,81413,8,37,74,No
EMP0597,Sales,22,113458,19,46,80,No
EMP0598,Support,37,86146,18,49,85,Yes
EMP0599,HR,27,68930,1,31,70,Yes
EMP0600,Marketing,51,86440,5,36,63,No
EMP0601,HR,40,94103,14,51,86,Yes
EMP0602,IT,47,117626,4,46,83,No
EMP0603,Marketing,28,83058,4,45,77,No
EMP0604,Sales,43,100127,14,39,82,Yes
EMP0605,R&D,34,128908,16,40,75,No
EMP0606,R&D,30,120583,3,54,76,Yes
EMP0607,Finance,37,103956,8,44,85,Yes
EMP0608,IT,23,123033,10,41,74,No
EMP0609,Support,28,79009,4,57,75,Yes
EMP0610,IT,42,118421,12,58,71,No
EMP0611,Marketing,26,92807,12,56,71,No
EMP0612,Marketing,45,100759,16,55,79,No
EMP0613,IT,28,115983,5,52,69,Yes
EMP0614,Support,58,76871,16,55,41,No
EMP0615,IT,60,124364,13,54,73,No
EMP0616,IT,51,132692,16,33,77,No
EMP0617,HR,25,82357,9,50,67,No
EMP0618,Sales,42,115876,17,46,92,Yes
EMP0619,Finance,48,95305,8,45,64,No
EMP0620,HR,21,89257,6,46,89,Yes
EMP0621,R&D,31,124594,3,54,66,No
EMP0622,Sales,56,107237,13,42,75,Yes
EMP0623,R&D,49,140078,19,44,86,Yes
EMP0624,R&D,22,122255,4,42,82,Yes
EMP0625,HR,26,92778,20,60,67,No
EMP0626,R&D,42,121089,12,56,68,No
EMP0627,R&D,42,137117,18,54,65,Yes
EMP0628,R&D,28,120345,4,54,65,Yes
EMP0629,Operations,43,74350,10,47,56,No
EMP0630,R&D,29,128166,14,33,72,No
EMP0631,Sales,28,98243,13,36,54,No
EMP0632,Support,23,97450,19,33,80,No
EMP0633,R&D,58,141062,17,34,76,Yes
EMP0634,Support,58,87428,16,59,74,No
EMP0635,IT,58,116922,6,53,77,No
EMP0636,Operations,53,91727,13,43,69,No
EMP0637,Sales,38,104935,13,60,69,Yes
EMP0638,Support,59,97262,17,39,83,No
EMP0639,Operations,56,89299,7,36,79,No
EMP0640,IT,32,136325,17,47,93,Yes
EMP0641,Finance,43,107734,18,45,50,No
EMP0642,Marketing,48,70944,1,46,60,Yes
EMP0643,IT,24,104295,2,36,72,No
EMP0644,IT,24,129596,10,36,95,No
EMP0645,Operations,49,91769,4,49,88,Yes
EMP0646,Support,36,88455,17,55,60,No
EMP0647,Marketing,24,93425,13,42,56,No
EMP0648,HR,21,87717,9,36,85,No
EMP0649,R&D,35,119918,12,54,58,No
EMP0650,Sales,39,103584,15,35,64,Yes
EMP0651,IT,53,110529,4,42,84,Yes
EMP0652,Marketing,21,98777,11,44,77,No
EMP0653,HR,30,95286,11,49,100,No
EMP0654,Marketing,52,104716,19,47,83,Yes
EMP0655,Operations,54,86476,8,60,76,Yes
EMP0656,Support,26,90523,12,37,79,No
EMP0657,Operations,42,92391,12,39,78,No
EMP0658,HR,28,88237,12,44,94,No
EMP0659,Sales,23,106172,11,42,99,Yes
EMP0660,Marketing,22,101023,17,56,60,Yes
EMP0661,R&D,52,121169,2,39,81,Yes
EMP0662,Finance,31,103220,18,47,70,No
EMP0663,Sales,34,110413,14,56,86,No
EMP0664,Support,25,76923,5,30,84,No
EMP0665,HR,26,69054,3,31,78,No
EMP0666,Sales,37,105241,14,42,83,Yes
EMP0667,Support,41,69509,1,42,68,No
EMP0668,Finance,58,94647,2,52,61,Yes
EMP0669,Finance,39,108370,10,49,92,Yes
EMP0670,HR,51,77552,6,47,85,Yes
EMP0671,Support,55,84332,10,60,68,No
EMP0672,Operations,21,96144,18,57,67,Yes
EMP0673,HR,21,83244,19,49,63,Yes
EMP0674,Operations,34,98782,14,58,84,No
EMP0675,IT,31,104877,6,37,68,No
EMP0676,HR,56,87805,15,50,68,Yes
EMP0677,Finance,37,92420,4,36,72,No
EMP0678,Sales,27,86493,10,49,61,No
EMP0679,Operations,52,93021,15,40,67,Yes
EMP0680,Operations,41,82679,14,35,68,No
EMP0681,Sales,48,90282,9,56,63,No
EMP0682,R&D,49,132204,12,54,88,Yes
EMP0683,Finance,32,113743,20,32,87,No
EMP0684,Sales,37,76085,3,53,55,No
EMP0685,HR,58,86650,19,42,75,No
EMP0686,R&D,30,123158,12,42,66,No
EMP0687,Marketing,29,94927,15,46,62,Yes
EMP0688,Sales,60,93523,6,54,74,Yes
EMP0689,IT,32,115395,19,60,52,No
EMP0690,R&D,43,119625,2,37,65,No
EMP0691,Finance,37,114972,12,37,82,No
EMP0692,Support,51,79710,15,58,77,Yes
EMP0693,Operations,27,96464,17,50,85,Yes
EMP0694,IT,45,116478,13,41,55,No
EMP0695,Finance,54,103499,9,42,83,Yes
EMP0696,Operations,52,96649,16,58,73,Yes
EMP0697,IT,49,114165,6,37,90,Yes
EMP0698,IT,44,138434,20,52,83,Yes
EMP0699,Sales,47,103848,11,53,88,Yes
EMP0700,IT,47,104006,1,37,86,Yes
EMP0701,IT,29,123125,17,31,80,Yes
EMP0702,IT,54,127980,13,49,70,No
EMP0703,HR,39,68809,3,36,40,No
EMP0704,Sales,47,119118,20,34,86,Yes
EMP0705,IT,60,136911,17,38,84,Yes
EMP0706,Finance,35,106266,13,42,90,Yes
EMP0707,Sales,54,98127,17,51,69,Yes
EMP0708,HR,55,86625,17,54,78,Yes
EMP0709,IT,59,139717,18,56,100,Yes
EMP0710,Support,44,71330,2,52,75,No
EMP0711,R&D,45,139166,12,48,83,No
EMP0712,Finance,48,88317,5,38,50,No
EMP0713,Finance,39,104189,20,58,66,No
EMP0714,HR,57,91115,17,33,72,Yes
EMP0715,Sales,41,107790,14,41,84,Yes
EMP0716,Support,57,81614,12,49,82,No
EMP0717,Support,34,83815,14,47,77,No
EMP0718,R&D,37,120991,10,48,61,No
EMP0719,Support,29,81302,4,53,77,Yes
EMP0720,Sales,53,106394,13,55,95,No
EMP0721,HR,31,87088,13,60,60,Yes
EMP0722,Support,26,61533,3,38,58,No
EMP0723,HR,45,92536,13,49,69,No
EMP0724,IT,52,116404,15,30,66,No
EMP0725,Marketing,33,75245,2,55,63,No
EMP0726,HR,44,69704,8,50,66,No
EMP0727,Finance,38,100031,13,41,69,No
EMP0728,Finance,26,112897,18,39,64,No
EMP0729,Operations,43,91832,9,37,68,No
EMP0730,HR,37,76994,6,43,70,Yes
EMP0731,Finance,53,117924,10,40,95,Yes
EMP0732,Marketing,49,93973,13,48,67,No
EMP0733,Operations,50,87104,15,58,72,Yes
EMP0734,Support,35,74322,8,55,73,No
EMP0735,Operations,54,93506,18,30,72,Yes
EMP0736,Operations,25,89624,18,59,66,No
EMP0737,Operations,34,109091,19,38,83,No
EMP0738,R&D,33,128115,8,53,93,No
EMP0739,Sales,35,89205,7,56,75,No
EMP0740,Finance,26,108158,16,49,91,No
EMP0741,HR,51,88234,12,49,64,No
EMP0742,Marketing,52,103507,6,54,98,Yes
EMP0743,Support,35,97886,19,34,95,No
EMP0744,HR,53,94196,12,42,82,No
EMP0745,IT,50,99337,4,52,64,Yes
EMP0746,Sales,45,105681,19,33,73,No
EMP0747,Marketing,32,105244,18,38,76,No
EMP0748,IT,52,126466,14,36,88,No
EMP0749,Operations,44,88035,13,38,60,No
EMP0750,Finance,38,101331,8,47,79,No
EMP0751,Sales,30,93135,5,45,77,Yes
EMP0752,Operations,52,86660,10,38,67,No
EMP0753,HR,46,73616,4,52,79,No
EMP0754,Finance,49,104814,11,38,82,Yes
EMP0755,Marketing,43,96179,1,43,92,No
EMP0756,IT,39,129279,12,40,91,No
EMP0757,R&D,26,124823,13,49,71,No
EMP0758,Operations,47,104481,20,48,91,No
EMP0759,Finance,26,95573,6,40,76,No
EMP0760,Support,38,95886,15,54,85,No
EMP0761,R&D,47,120344,6,35,78,No
EMP0762,Finance,34,90387,6,42,70,Yes
EMP0763,R&D,56,112363,2,30,76,No
EMP0764,IT,26,112357,13,39,60,Yes
EMP0765,Marketing,49,77025,5,34,67,No
EMP0766,Operations,51,94406,15,57,73,No
EMP0767,R&D,29,137920,18,35,63,No
EMP0768,Support,54,93941,18,39,67,No
EMP0769,Sales,26,98773,15,39,68,Yes
EMP0770,IT,43,121117,10,45,81,Yes
EMP0771,R&D,51,130731,10,30,77,No
EMP0772,HR,56,76695,12,36,53,No
EMP0773,Support,46,82022,8,35,71,No
EMP0774,Marketing,26,88024,14,50,58,No
EMP0775,Marketing,39,95621,18,55,74,Yes
EMP0776,Marketing,28,101118,15,49,82,Yes
EMP0777,R&D,33,128112,11,30,93,Yes
EMP0778,Finance,39,114517,9,34,100,Yes
EMP0779,HR,35,76535,3,34,83,Yes
EMP0780,R&D,44,139216,15,52,75,Yes
EMP0781,Finance,30,93352,2,38,75,No
EMP0782,Marketing,45,88667,1,33,70,No
EMP0783,Sales,45,103450,15,37,74,No
EMP0784,Finance,54,96625,7,45,71,No
EMP0785,Marketing,41,88404,6,50,72,No
EMP0786,Marketing,51,84155,10,36,55,No
EMP0787,Sales,28,100165,8,50,73,No
EMP0788,Finance,46,108723,8,30,75,Yes
EMP0789,R&D,59,122790,5,41,76,Yes
EMP0790,Operations,24,78060,2,41,66,No
EMP0791,Finance,29,110561,16,37,68,No
EMP0792,R&D,33,120539,1,52,89,Yes
EMP0793,IT,37,107792,2,45,70,No
EMP0794,Sales,57,85896,6,47,60,No
EMP0795,R&D,38,142352,20,59,79,Yes
EMP0796,Marketing,37,100189,18,41,69,Yes
EMP0797,Support,32,69562,1,49,87,Yes
EMP0798,Finance,55,101486,13,36,58,No
EMP0799,IT,60,108677,10,40,66,No
EMP0800,Finance,23,105311,5,35,80,Yes
EMP0801,Finance,52,103616,7,33,91,No
EMP0802,Marketing,24,98627,12,37,78,No
EMP0803,HR,34,96623,16,59,78,No
EMP0804,Operations,56,89696,14,56,71,No
EMP0805,HR,60,80429,9,46,79,Yes
EMP0806,Sales,54,95281,4,33,76,No
EMP0807,Support,33,81023,7,46,66,Yes
EMP0808,Support,27,89550,19,41,62,No
EMP0809,Support,27,74729,6,55,80,No
EMP0810,R&D,43,130619,11,47,86,No
EMP0811,Support,48,79595,11,49,75,No
EMP0812,Marketing,44,112225,15,44,90,Yes
EMP0813,HR,39,79945,20,30,40,Yes
EMP0814,Sales,34,102340,11,30,70,No
EMP0815,Marketing,56,89944,17,47,60,Yes
EMP0816,Operations,30,77814,5,38,68,No
EMP0817,Sales,35,96623,9,55,70,No
EMP0818,Finance,41,115349,16,35,89,No
EMP0819,Finance,59,95835,10,31,73,No
EMP0820,Operations,43,94691,14,43,59,No
EMP0821,Sales,59,85143,1,50,77,No
EMP0822,Operations,55,92204,19,34,63,No
EMP0823,Sales,30,87250,2,51,73,No
EMP0824,Finance,35,108733,14,39,63,No
EMP0825,IT,42,106990,3,45,71,No
EMP0826,Support,53,87783,14,54,73,Yes
EMP0827,IT,51,116762,18,36,57,No
EMP0828,Sales,36,94926,3,38,76,No
EMP0829,Finance,28,103594,14,43,69,No
EMP0830,HR,40,82296,6,41,80,No
EMP0831,R&D,60,124871,5,44,96,No
EMP0832,IT,26,106043,4,53,81,Yes
EMP0833,IT,39,105773,1,40,72,No
EMP0834,Operations,34,91089,18,36,69,No
EMP0835,Marketing,56,103548,16,49,74,No
EMP0836,Support,58,82385,17,31,68,Yes
EMP0837,Marketing,33,102986,20,38,91,Yes
EMP0838,Marketing,44,84592,4,30,80,No
EMP0839,Support,35,82768,13,46,80,No
EMP0840,Finance,32,107139,7,46,74,No
EMP0841,HR,23,75445,8,59,64,No
EMP0842,HR,43,87193,12,41,73,No
EMP0843,Marketing,24,72282,9,58,40,No
EMP0844,Marketing,35,102699,5,40,100,Yes
EMP0845,IT,26,129698,13,46,91,Yes
EMP0846,Support,36,88287,19,34,70,No
EMP0847,Operations,49,99069,18,34,76,No
EMP0848,Sales,29,103902,10,52,81,No
EMP0849,IT,48,117851,5,50,99,Yes
EMP0850,Finance,32,107011,11,56,64,Yes
EMP0851,HR,41,91148,14,60,63,No
EMP0852,Marketing,30,85905,7,33,81,Yes
EMP0853,Marketing,59,107661,19,49,76,Yes
EMP0854,Finance,51,105913,5,46,83,No
EMP0855,Operations,32,84757,13,45,67,Yes
EMP0856,HR,38,92562,14,37,76,No
EMP0857,Sales,34,104807,3,35,100,No
EMP0858,Operations,50,78883,8,43,59,No
EMP0859,Support,41,89534,13,49,89,Yes
EMP0860,HR,54,73435,4,44,69,No
EMP0861,HR,36,87187,17,47,59,Yes
EMP0862,HR,33,85621,10,44,86,No
EMP0863,Marketing,50,88954,6,43,67,No
EMP0864,IT,50,136839,15,32,100,Yes
EMP0865,IT,58,117108,18,34,66,Yes
EMP0866,Sales,50,89259,3,38,81,No
EMP0867,IT,28,101497,3,33,70,No
EMP0868,Support,53,80919,20,60,58,No
EMP0869,Support,23,77034,6,59,62,Yes
EMP0870,IT,32,112697,2,43,95,Yes
EMP0871,R&D,39,123907,6,33,99,No
EMP0872,Marketing,21,98615,15,45,56,No
EMP0873,HR,59,90934,16,37,78,No
EMP0874,Finance,59,117209,20,30,92,No
EMP0875,Marketing,60,97629,18,56,76,Yes
EMP0876,Operations,23,73381,5,57,71,No
EMP0877,Marketing,42,88243,3,31,100,No
EMP0878,IT,50,144711,19,41,99,Yes
EMP0879,Marketing,41,93251,12,58,71,No
EMP0880,Finance,39,105499,16,34,78,No
EMP0881,Marketing,42,97027,17,43,56,Yes
EMP0882,Finance,51,119113,20,59,72,No
EMP0883,Marketing,48,105361,20,57,69,No
EMP0884,IT,60,134114,19,45,88,No
EMP0885,R&D,52,113371,6,58,60,Yes
EMP0886,HR,50,77744,4,53,63,No
EMP0887,Support,47,61578,2,40,62,Yes
EMP0888,Sales,39,96111,9,55,92,Yes
EMP0889,Operations,21,79921,4,51,68,No
EMP0890,HR,32,88811,7,40,85,Yes
EMP0891,R&D,51,119596,2,50,79,No
EMP0892,Operations,50,98966,14,59,80,Yes
EMP0893,Marketing,57,94881,11,47,67,No
EMP0894,Operations,25,87324,5,38,73,Yes
EMP0895,Support,55,66914,6,48,68,No
EMP0896,Marketing,41,80680,2,38,70,Yes
EMP0897,Sales,44,103653,15,56,82,Yes
EMP0898,Operations,23,77117,7,59,72,No
EMP0899,HR,51,98800,17,34,84,No
EMP0900,Marketing,41,102283,5,54,100,Yes
EMP0901,IT,34,95897,2,44,56,Yes
EMP0902,HR,59,79749,3,40,90,No
EMP0903,Finance,54,106366,10,30,65,No
EMP0904,Sales,33,97220,10,38,70,No
EMP0905,R&D,28,135800,9,34,78,No
EMP0906,Finance,34,115250,18,41,79,No
EMP0907,IT,39,137068,19,37,79,No
EMP0908,R&D,24,125112,5,30,84,No
EMP0909,HR,27,93895,13,31,85,Yes
EMP0910,R&D,60,130194,12,39,81,No
EMP0911,Finance,50,123795,19,34,93,Yes
EMP0912,R&D,40,133896,15,45,86,No
EMP0913,IT,60,122328,9,59,70,No
EMP0914,Operations,50,90270,16,30,80,No
EMP0915,Operations,51,99303,15,57,84,Yes
EMP0916,Finance,46,103461,4,40,93,No
EMP0917,Marketing,55,92442,15,42,67,No
EMP0918,R&D,45,113511,3,40,70,No
EMP0919,Support,48,82035,19,55,64,No
EMP0920,Finance,57,117402,16,33,90,Yes
EMP0921,Operations,56,76198,4,56,65,Yes
EMP0922,Finance,59,107998,13,40,78,No
EMP0923,HR,26,87519,7,56,85,No
EMP0924,HR,30,82154,5,44,87,Yes
EMP0925,R&D,33,132114,7,51,82,No
EMP0926,Marketing,48,94397,12,32,67,Yes
EMP0927,Support,29,69270,10,31,64,Yes
EMP0928,Operations,28,84610,10,57,86,Yes
EMP0929,Support,41,82504,13,42,63,Yes
EMP0930,IT,33,137167,18,42,85,No
EMP0931,Support,30,72025,10,57,71,No
EMP0932,IT,52,114337,14,34,69,Yes
EMP0933,Support,50,90146,20,59,68,No
EMP0934,R&D,45,126744,12,37,78,No
EMP0935,HR,57,85811,16,57,72,No
EMP0936,Operations,23,71917,2,48,56,No
EMP0937,Finance,58,113381,16,60,72,No
EMP0938,Marketing,50,99774,17,32,68,No
EMP0939,Finance,36,103029,16,50,73,No
EMP0940,Marketing,60,70428,2,58,44,No
EMP0941,HR,51,91231,15,46,88,Yes
EMP0942,Marketing,39,88687,6,31,66,No
EMP0943,Marketing,57,89585,9,31,64,Yes
EMP0944,Marketing,60,78192,1,39,63,Yes
EMP0945,Finance,38,95459,9,34,67,Yes
EMP0946,Finance,59,97695,6,59,68,No
EMP0947,R&D,44,118762,6,38,76,No
EMP0948,HR,42,66076,3,60,66,No
EMP0949,IT,52,122044,14,54,61,No
EMP0950,Sales,57,107022,12,31,86,Yes
EMP0951,Finance,24,99524,6,44,66,No
EMP0952,Sales,45,100252,13,45,81,Yes
EMP0953,Support,21,78472,10,59,78,No
EMP0954,HR,27,86447,18,50,63,No
EMP0955,Support,60,74183,9,40,72,No
EMP0956,Support,50,88208,8,53,96,No
EMP0957,Sales,54,99372,11,51,72,Yes
EMP0958,HR,25,63250,1,43,67,No
EMP0959,R&D,43,117538,8,53,73,No
EMP0960,HR,59,83920,7,60,82,No
EMP0961,Finance,26,112615,20,34,60,No
EMP0962,IT,28,115176,6,38,89,Yes
EMP0963,Finance,50,98263,9,54,51,No
EMP0964,Marketing,31,93432,3,38,86,Yes
EMP0965,Support,42,73018,2,38,84,Yes
EMP0966,Sales,60,103375,13,35,72,No
EMP0967,IT,55,120534,14,36,70,No
EMP0968,Finance,23,94810,3,32,71,No
EMP0969,R&D,22,127719,16,34,74,No
EMP0970,Marketing,30,92511,11,58,74,No
EMP0971,R&D,51,141767,14,42,86,Yes
EMP0972,Sales,21,98842,13,60,57,No
EMP0973,R&D,28,145721,19,47,85,Yes
EMP0974,HR,26,89881,12,47,70,No
EMP0975,Finance,50,112501,10,50,79,No
EMP0976,Sales,40,100499,13,58,89,Yes
EMP0977,Operations,52,69242,3,58,61,Yes
EMP0978,HR,58,73969,8,45,60,Yes
EMP0979,Marketing,52,97218,18,60,81,Yes
EMP0980,HR,42,63386,2,42,63,No
EMP0981,R&D,55,106454,5,53,51,No
EMP0982,R&D,22,137590,16,59,61,No
EMP0983,Sales,29,86596,1,35,57,No
EMP0984,R&D,60,118133,6,56,55,Yes
EMP0985,Finance,28,116330,16,49,77,Yes
EMP0986,Operations,46,94288,11,33,66,No
EMP0987,IT,41,110135,7,54,82,Yes
EMP0988,IT,47,112210,6,52,77,No
EMP0989,R&D,36,146307,19,31,89,Yes
EMP0990,IT,22,122804,16,32,90,Yes
EMP0991,Finance,58,100248,10,43,67,No
EMP0992,Sales,30,89429,9,46,55,No
EMP0993,IT,60,118319,2,49,81,Yes
EMP0994,Marketing,43,103387,14,30,87,Yes
EMP0995,Finance,54,91992,4,49,61,No
EMP0996,R&D,34,127473,9,31,90,Yes
EMP0997,IT,51,123235,16,35,89,No
EMP0998,Marketing,34,103227,14,38,97,Yes
EMP0999,R&D,23,120539,4,53,89,No
EMP1000,R&D,53,129114,4,32,79,No
EMP1001,R&D,58,139468,19,40,57,No
EMP1002,Finance,41,99884,8,33,84,No
EMP1003,Sales,45,97539,8,32,61,No
EMP1004,Sales,60,103296,15,35,77,No
EMP1005,R&D,33,134341,12,38,76,No
EMP1006,Marketing,29,87427,4,57,80,No
EMP1007,IT,42,120168,8,58,73,No
EMP1008,IT,57,125713,18,57,81,Yes
EMP1009,R&D,34,144760,19,45,80,No
EMP1010,Sales,36,97793,11,43,66,No
EMP1011,IT,57,108211,1,43,78,No
EMP1012,HR,48,91152,17,42,74,No
EMP1013,Finance,49,119756,16,37,92,No
EMP1014,Sales,29,100066,12,39,85,No
EMP1015,Finance,22,114056,16,51,68,No
EMP1016,HR,50,89471,15,54,92,No
EMP1017,Support,32,82796,12,50,58,No
EMP1018,Support,42,86559,17,31,78,No
EMP1019,Marketing,60,97926,18,48,80,No
EMP1020,Operations,24,96209,17,60,54,No
EMP1021,HR,28,83453,13,41,71,Yes
EMP1022,Finance,56,97137,7,34,75,No
EMP1023,Finance,51,120706,19,57,82,No
EMP1024,Operations,43,89144,9,46,72,No
EMP1025,HR,25,86341,12,41,61,Yes
EMP1026,Marketing,49,111755,20,41,79,No
EMP1027,Finance,33,113674,15,32,97,No
EMP1028,Finance,27,96485,6,38,87,No
EMP1029,R&D,30,124174,7,46,77,No
EMP1030,IT,51,119572,12,43,74,No
EMP1031,HR,39,92679,7,32,96,No
EMP1032,Operations,47,102493,19,40,77,No
EMP1033,Operations,52,95545,19,51,67,No
EMP1034,IT,40,102009,6,55,53,Yes
EMP1035,Operations,39,70575,2,34,67,No
EMP1036,IT,55,129695,10,35,85,Yes
EMP1037,IT,31,113422,8,33,85,Yes
EMP1038,Operations,32,88935,7,47,77,Yes
EMP1039,Operations,43,72143,5,41,44,No
EMP1040,HR,46,88331,16,54,85,No
EMP1041,Operations,30,75154,1,53,61,No
EMP1042,R&D,39,131709,19,51,70,No
EMP1043,R&D,42,122758,4,53,71,No
EMP1044,Marketing,22,102626,13,49,75,Yes
EMP1045,Operations,26,87625,11,31,68,No
EMP1046,Marketing,33,81521,1,32,70,No
EMP1047,Finance,53,101281,13,36,58,No
EMP1048,Operations,46,88238,5,52,75,No
EMP1049,Support,44,66650,1,39,69,No
EMP1050,Finance,34,110859,15,53,83,No
EMP1051,Marketing,31,101420,14,53,80,No
EMP1052,IT,34,123063,10,45,71,No
EMP1053,Operations,25,101166,19,54,74,No
EMP1054,Support,32,93486,18,44,75,No
EMP1055,IT,33,101941,6,56,63,No
EMP1056,Marketing,58,97913,10,45,85,No
EMP1057,Sales,22,92068,1,34,72,No
EMP1058,Finance,39,116859,14,35,100,No
EMP1059,Sales,22,81693,4,54,68,No
EMP1060,Operations,58,103344,16,48,100,No
EMP1061,R&D,28,126552,12,46,74,Yes
EMP1062,HR,30,89790,11,44,72,No
EMP1063,Operations,31,82449,2,38,64,No
EMP1064,Marketing,39,113540,17,50,88,Yes
EMP1065,Sales,32,97344,4,49,75,No
EMP1066,Marketing,38,90805,12,33,59,No
EMP1067,IT,21,109250,5,46,70,No
EMP1068,IT,27,121897,7,34,95,Yes
EMP1069,Sales,56,113417,20,52,82,No
EMP1070,Finance,47,97951,15,59,62,Yes
EMP1071,IT,22,129086,16,41,70,No
EMP1072,Operations,32,95947,10,30,85,No
EMP1073,Sales,29,86383,5,52,75,No
EMP1074,Support,28,78642,3,30,81,Yes
EMP1075,Support,23,84318,7,33,92,Yes
EMP1076,Finance,37,91642,2,32,78,No
EMP1077,Finance,28,115787,20,36,68,No
EMP1078,Finance,30,101798,9,60,70,No
EMP1079,IT,53,133928,20,37,70,No
EMP1080,HR,54,74438,7,52,74,No
EMP1081,IT,55,109810,1,53,81,No
EMP1082,R&D,44,139653,19,35,79,No
EMP1083,Finance,32,99777,12,42,62,Yes
EMP1084,Operations,28,96865,15,33,81,Yes
EMP1085,Operations,39,95245,18,53,85,Yes
EMP1086,R&D,59,136943,10,51,77,No
EMP1087,Sales,56,113287,14,39,87,Yes
EMP1088,R&D,44,125795,6,30,73,No
EMP1089,Finance,46,102548,15,46,72,No
EMP1090,Finance,31,101077,3,41,70,No
EMP1091,Sales,59,102377,13,33,76,No
EMP1092,Marketing,46,102772,12,45,87,No
EMP1093,Support,52,85101,17,38,82,Yes
EMP1094,R&D,35,119381,5,30,85,No
EMP1095,Finance,52,82052,1,35,61,No
EMP1096,Finance,25,115914,17,54,87,No
EMP1097,Sales,39,105462,16,45,60,No
EMP1098,HR,23,94690,14,58,74,Yes
EMP1099,R&D,41,131570,13,44,71,No
EMP1100,Marketing,31,94653,16,43,75,No
EMP1101,Support,52,73129,4,48,66,No
EMP1102,R&D,51,126810,18,57,59,No
EMP1103,Support,37,90829,16,48,91,No
EMP1104,Marketing,41,83924,2,30,71,Yes
EMP1105,Operations,43,97635,19,30,76,Yes
EMP1106,Operations,43,80024,14,41,58,No
EMP1107,Sales,36,109736,10,48,90,Yes
EMP1108,Operations,31,77943,1,47,84,Yes
EMP1109,Support,57,87295,17,58,72,No
EMP1110,Operations,45,96682,19,42,76,No
EMP1111,R&D,27,119884,7,40,53,No
EMP1112,Marketing,44,98192,14,36,75,No
EMP1113,Finance,55,100696,7,39,74,No
EMP1114,Sales,60,99181,3,52,85,No
EMP1115,Operations,38,76686,3,48,79,No
EMP1116,Finance,40,104013,17,55,62,No
EMP1117,Operations,33,95702,14,42,74,No
EMP1118,IT,22,126606,17,57,89,Yes
EMP1119,Sales,50,97771,9,59,60,No
EMP1120,Support,57,59987,2,46,58,No
EMP1121,IT,36,109633,5,53,70,No
EMP1122,Finance,34,110045,14,38,65,Yes
EMP1123,IT,37,123644,20,37,70,Yes
EMP1124,Marketing,50,100645,16,47,78,No
EMP1125,HR,33,85715,6,38,81,Yes
EMP1126,IT,23,120226,16,55,82,Yes
EMP1127,Finance,41,119868,20,39,92,No
EMP1128,Finance,46,84083,5,37,55,No
EMP1129,Finance,54,114883,19,60,77,No
EMP1130,Sales,59,91016,4,54,60,No
EMP1131,Support,36,94341,14,36,79,Yes
EMP1132,Support,37,92834,19,31,80,No
EMP1133,Finance,41,106250,18,43,66,No
EMP1134,IT,44,123825,16,52,76,No
EMP1135,HR,59,65845,2,56,73,No
EMP1136,Sales,37,97217,18,42,53,No
EMP1137,Operations,28,90328,18,57,76,No
EMP1138,Support,37,91790,10,32,87,No
EMP1139,Sales,40,103994,7,57,95,Yes
EMP1140,Support,23,66412,9,57,58,No
EMP1141,R&D,51,142914,14,59,85,No
EMP1142,Finance,31,89187,9,46,58,No
EMP1143,Operations,50,85374,1,54,91,Yes
EMP1144,IT,21,125894,13,36,80,No
EMP1145,Finance,28,92858,6,37,43,No
EMP1146,IT,59,129041,14,55,71,Yes
EMP1147,R&D,29,128999,9,35,66,No
EMP1148,Finance,47,96747,12,35,54,No
EMP1149,Sales,22,77597,1,59,59,No
EMP1150,R&D,33,130906,9,52,69,Yes
EMP1151,Support,60,82728,14,49,74,Yes
EMP1152,Finance,21,118070,17,43,80,No
EMP1153,R&D,52,126471,4,37,73,No
EMP1154,Marketing,39,91783,16,42,67,No
EMP1155,Sales,59,92103,7,56,71,Yes
EMP1156,IT,22,120058,10,38,92,No
EMP1157,Sales,44,107332,19,51,71,Yes
EMP1158,Operations,46,81183,7,52,70,No
EMP1159,Marketing,25,85397,4,47,85,Yes
EMP1160,Operations,59,105559,20,52,78,No
EMP1161,HR,37,85897,17,49,50,Yes
EMP1162,HR,58,80933,6,38,97,No
EMP1163,Operations,50,74123,5,32,68,No
EMP1164,Operations,23,93081,5,45,88,No
EMP1165,Marketing,44,106091,14,39,82,No
EMP1166,Marketing,54,98975,11,43,69,No
EMP1167,R&D,30,142308,18,57,90,Yes
EMP1168,IT,24,105637,8,35,67,No
EMP1169,IT,50,124468,14,33,100,Yes
EMP1170,R&D,50,140958,16,33,74,No
EMP1171,IT,28,127029,12,32,77,No
EMP1172,Marketing,57,108760,19,36,84,No
EMP1173,HR,54,96887,19,35,70,No
EMP1174,Finance,42,96312,1,39,77,No
EMP1175,Finance,46,104700,12,48,80,Yes
EMP1176,Finance,50,111694,16,44,72,No
EMP1177,HR,42,77672,2,50,65,No
EMP1178,IT,34,107695,2,55,65,No
EMP1179,HR,25,87280,18,60,70,Yes
EMP1180,Support,26,63461,1,57,71,Yes
EMP1181,Support,39,75856,5,33,68,No
EMP1182,Marketing,59,97153,5,41,95,Yes
EMP1183,Operations,53,76848,7,45,63,No
EMP1184,Support,26,84133,14,55,78,No
EMP1185,Support,48,63382,3,31,42,No
EMP1186,IT,52,128204,17,50,72,No
EMP1187,Marketing,50,96334,14,32,86,No
EMP1188,Marketing,36,95691,17,43,67,No
EMP1189,Finance,23,106712,17,33,62,No
EMP1190,Marketing,43,85039,9,48,74,No
EMP1191,HR,28,83741,15,35,80,Yes
EMP1192,Marketing,41,95454,19,53,52,No
EMP1193,R&D,60,130166,9,40,98,Yes
EMP1194,Finance,59,102983,9,57,69,Yes
EMP1195,HR,21,92339,13,33,92,No
EMP1196,R&D,40,148556,20,56,76,No
EMP1197,Support,40,78968,3,34,80,Yes
EMP1198,Sales,22,99027,7,45,80,Yes
EMP1199,Sales,48,108227,18,36,92,Yes
EMP1200,HR,28,76447,6,58,85,No
EMP1201,R&D,52,134248,16,30,85,Yes
EMP1202,Support,24,70582,11,30,62,No
EMP1203,Support,47,77914,16,53,57,Yes
EMP1204,Support,52,89022,17,48,65,No
EMP1205,R&D,35,124964,2,46,90,Yes
EMP1206,Support,51,75602,4,45,76,No
EMP1207,Operations,49,96238,14,30,85,Yes
EMP1208,Sales,53,108344,8,48,91,No
EMP1209,R&D,29,131099,10,53,67,No
EMP1210,Operations,51,68344,6,49,45,No
EMP1211,Finance,51,92653,5,35,80,No
EMP1212,R&D,40,132223,8,36,90,Yes
EMP1213,HR,43,86731,9,41,71,No
EMP1214,HR,25,75867,11,43,68,No
EMP1215,Finance,56,98320,8,45,74,No
EMP1216,Marketing,30,108118,17,49,85,Yes
EMP1217,HR,49,84034,15,60,78,No
EMP1218,Finance,56,85627,2,46,70,Yes
EMP1219,Finance,34,109084,12,35,72,No
EMP1220,Finance,30,104421,12,40,56,Yes
EMP1221,Sales,49,108657,14,54,76,No
EMP1222,Marketing,53,81658,6,32,66,No
EMP1223,Support,44,82747,8,34,75,No
EMP1224,Support,47,79316,14,58,60,No
EMP1225,Operations,22,95426,15,34,77,No
EMP1226,Finance,42,102454,11,42,56,No
EMP1227,HR,46,77163,2,51,81,Yes
EMP1228,Marketing,47,98605,13,58,71,No
EMP1229,Marketing,41,101500,12,30,86,No
EMP1230,Support,49,69519,7,58,52,No
EMP1231,R&D,43,125505,13,54,78,No
EMP1232,Support,29,88451,17,47,84,Yes
EMP1233,Marketing,54,100336,11,54,73,No
EMP1234,Marketing,36,91476,10,53,73,No
EMP1235,Finance,24,95632,12,38,67,No
EMP1236,Finance,49,104172,10,48,66,Yes
EMP1237,Operations,36,99503,19,48,68,No
EMP1238,Sales,43,91376,10,39,47,No
EMP1239,IT,45,128191,17,53,75,Yes
EMP1240,Operations,50,88209,4,34,85,Yes
EMP1241,Support,26,65269,3,31,69,No
EMP1242,Operations,54,93708,13,48,77,No
EMP1243,Support,37,84888,19,45,48,No
EMP1244,R&D,47,112886,6,34,44,No
EMP1245,R&D,29,129461,17,57,56,No
EMP1246,IT,56,126844,12,59,71,Yes
EMP1247,Support,28,66161,4,41,71,Yes
EMP1248,Marketing,44,92511,10,39,73,Yes
EMP1249,IT,30,144016,19,43,99,Yes
EMP1250,IT,52,110870,1,33,82,Yes
EMP1251,HR,47,86234,16,48,70,No
EMP1252,R&D,59,120719,5,54,87,Yes
EMP1253,R&D,49,141804,15,34,82,No
EMP1254,Support,45,73528,8,58,67,No
EMP1255,HR,49,76556,9,50,81,No
EMP1256,Marketing,56,88264,4,50,78,Yes
EMP1257,HR,57,83955,17,36,75,Yes
EMP1258,IT,22,107171,9,55,60,Yes
EMP1259,R&D,26,135452,18,49,68,No
EMP1260,HR,42,91748,14,35,89,Yes
EMP1261,Operations,45,83205,9,32,79,No
EMP1262,IT,37,107926,3,34,78,No
EMP1263,IT,24,122508,20,60,73,Yes
EMP1264,Finance,41,104581,5,43,77,No
EMP1265,Support,28,66874,2,36,76,No
EMP1266,Support,28,81865,9,31,91,Yes
EMP1267,Support,25,91168,16,30,67,Yes
EMP1268,Finance,36,119114,18,50,79,Yes
EMP1269,Support,49,77608,3,57,69,Yes
EMP1270,IT,36,124342,18,60,68,No
EMP1271,R&D,23,106139,1,56,52,No
EMP1272,IT,21,117152,2,59,79,No
EMP1273,Marketing,45,92161,12,56,64,No
EMP1274,IT,55,121775,19,32,63,Yes
EMP1275,Finance,29,114870,18,38,80,No
EMP1276,Operations,42,88545,9,54,69,No
EMP1277,Sales,41,86110,11,36,59,No
EMP1278,IT,21,123720,20,45,79,No
EMP1279,IT,47,124535,18,58,70,No
EMP1280,Finance,55,93182,1,58,61,No
EMP1281,R&D,28,124786,12,56,63,Yes
EMP1282,HR,28,100439,15,41,86,Yes
EMP1283,HR,35,68212,1,54,69,Yes
EMP1284,Marketing,35,107448,8,45,100,Yes
EMP1285,Marketing,52,116460,20,36,100,Yes
EMP1286,Marketing,57,96793,17,45,76,No
EMP1287,IT,25,135995,19,34,74,No
EMP1288,Sales,54,100488,9,36,68,No
EMP1289,Marketing,56,111951,15,30,90,No
EMP1290,Operations,48,84594,14,38,68,No
EMP1291,R&D,52,126678,12,46,76,Yes
EMP1292,Support,55,69584,15,40,50,No
EMP1293,Operations,26,108997,19,55,94,Yes
EMP1294,Finance,36,98094,7,35,78,No
EMP1295,Finance,22,114461,16,43,80,No
EMP1296,Marketing,36,76355,4,45,59,No
EMP1297,HR,42,93479,17,55,75,No
EMP1298,Finance,49,108851,19,33,79,No
EMP1299,HR,45,79239,11,58,77,Yes
EMP1300,R&D,24,129109,10,49,71,No
EMP1301,Finance,24,105020,18,31,71,No
EMP1302,Support,35,98908,20,55,86,Yes
EMP1303,R&D,45,122309,15,55,59,Yes
EMP1304,HR,50,95730,17,40,82,Yes
EMP1305,Finance,21,117072,20,52,94,No
EMP1306,IT,53,118747,9,41,83,No
EMP1307,R&D,32,123306,8,34,76,No
EMP1308,Operations,40,98166,19,58,70,No
EMP1309,IT,51,107932,10,49,68,No
EMP1310,IT,24,124421,8,46,84,No
EMP1311,HR,48,86547,12,36,91,No
EMP1312,Operations,33,97735,16,52,72,No
EMP1313,Operations,58,94334,19,60,69,Yes
EMP1314,R&D,23,145322,16,37,83,Yes
EMP1315,Sales,35,109888,15,49,78,No
EMP1316,Operations,45,84218,7,42,88,No
EMP1317,HR,44,63283,1,32,65,No
EMP1318,Sales,58,112479,12,31,86,Yes
EMP1319,Sales,39,95917,6,37,89,No
EMP1320,Sales,32,84984,7,30,62,No
EMP1321,Finance,22,89544,5,42,60,No
EMP1322,Marketing,50,88762,8,41,54,No
EMP1323,IT,54,117891,20,58,57,Yes
EMP1324,IT,33,115296,7,47,82,No
EMP1325,Operations,59,95143,14,50,75,No
EMP1326,Marketing,30,88372,11,37,78,No
EMP1327,Marketing,29,101016,17,60,62,Yes
EMP1328,R&D,60,117383,3,35,67,No
EMP1329,Operations,52,100059,17,44,83,No
EMP1330,R&D,51,131569,9,48,92,No
EMP1331,HR,34,81436,8,58,81,Yes
EMP1332,Support,45,106077,19,35,97,No
EMP1333,Marketing,56,85350,3,34,75,No
EMP1334,HR,50,85311,17,49,64,No
EMP1335,R&D,48,132364,14,41,78,Yes
EMP1336,R&D,35,116793,9,50,65,No
EMP1337,Finance,39,106428,17,46,70,No
EMP1338,Finance,28,86777,3,41,73,No
EMP1339,Operations,33,89849,11,38,67,No
EMP1340,Sales,59,103577,5,57,95,No
EMP1341,Marketing,21,95016,10,39,84,No
EMP1342,HR,51,92589,17,54,56,Yes
EMP1343,Support,35,77951,8,53,74,No
EMP1344,R&D,50,117956,11,55,61,No
EMP1345,Sales,48,87843,14,36,53,No
EMP1346,IT,40,115527,1,45,83,No
EMP1347,Operations,42,84048,8,43,57,No
EMP1348,Marketing,41,108499,19,30,84,No
EMP1349,IT,30,117208,11,48,63,No
EMP1350,Support,45,70850,7,60,63,Yes
EMP1351,Support,33,84669,16,33,60,No
EMP1352,Finance,31,105858,4,51,100,Yes
EMP1353,R&D,22,128850,6,36,100,Yes
EMP1354,Marketing,54,82341,3,44,88,Yes
EMP1355,HR,31,81764,11,57,85,Yes
EMP1356,Support,51,77048,3,42,68,No
EMP1357,Sales,29,88128,7,39,57,No
EMP1358,Marketing,58,95843,7,46,82,No
EMP1359,Marketing,33,76659,1,34,53,No
EMP1360,Operations,57,97480,16,44,82,Yes
EMP1361,Finance,39,104023,15,41,69,No
EMP1362,IT,47,115945,8,35,56,No
EMP1363,Support,50,73565,13,59,64,No
EMP1364,HR,36,79309,6,38,59,No
EMP1365,Marketing,25,78457,7,59,40,Yes
EMP1366,Operations,25,85958,4,46,76,No
EMP1367,Support,49,67887,6,38,75,Yes
EMP1368,R&D,45,129042,11,53,78,No
EMP1369,Support,23,73809,1,38,95,No
EMP1370,R&D,52,133552,15,32,92,Yes
EMP1371,Sales,49,90194,5,45,84,No
EMP1372,Finance,32,96659,10,33,54,No
EMP1373,IT,25,101665,1,51,73,Yes
EMP1374,HR,55,87265,7,44,87,Yes
EMP1375,Finance,45,108255,10,44,76,No
EMP1376,Sales,36,96558,12,59,75,Yes
EMP1377,HR,47,73660,1,30,70,Yes
EMP1378,Finance,31,99360,6,31,81,No
EMP1379,Operations,41,99775,18,50,78,Yes
EMP1380,Support,28,74034,8,36,82,Yes
EMP1381,IT,21,119616,13,50,70,Yes
EMP1382,Marketing,60,92253,12,31,85,No
EMP1383,Support,40,94784,20,45,80,No
EMP1384,IT,37,108014,4,49,74,No
EMP1385,Support,29,72709,11,35,58,No
EMP1386,R&D,25,124770,11,30,56,No
EMP1387,R&D,45,139844,17,50,74,No
EMP1388,Sales,22,111692,20,54,60,Yes
EMP1389,Sales,48,97771,8,49,80,No
EMP1390,IT,45,108321,7,50,78,Yes
EMP1391,R&D,42,111748,5,38,66,No
EMP1392,Support,39,81976,1,37,94,No
EMP1393,Operations,36,89468,7,47,100,No
EMP1394,Sales,59,101919,13,46,83,Yes
EMP1395,HR,25,85818,16,32,78,No
EMP1396,IT,26,113742,6,48,73,No
EMP1397,Sales,36,96789,17,32,62,No
EMP1398,Sales,48,91629,6,49,81,Yes
EMP1399,R&D,33,134984,9,57,75,No
EMP1400,Support,31,84625,16,44,70,No
EMP1401,Support,30,80813,16,30,75,No
EMP1402,Marketing,59,99357,18,34,62,No
EMP1403,Marketing,45,96979,15,39,63,No
EMP1404,Operations,29,91035,16,36,78,No
EMP1405,HR,21,97766,17,53,72,No
EMP1406,Support,44,75993,13,45,61,No
EMP1407,Finance,47,94960,2,59,94,Yes
EMP1408,Support,37,92918,12,46,94,Yes
EMP1409,Operations,24,88527,13,59,66,Yes
EMP1410,Operations,22,85569,5,38,79,No
EMP1411,IT,37,104894,8,49,59,Yes
EMP1412,Finance,45,105303,13,52,66,No
EMP1413,Finance,54,88793,7,58,55,No
EMP1414,Support,58,82493,10,53,85,No
EMP1415,Finance,27,112557,19,54,81,Yes
EMP1416,Support,40,67125,1,35,53,No
EMP1417,Finance,25,103960,14,46,66,Yes
EMP1418,Operations,32,83620,5,36,79,No
EMP1419,Finance,49,118686,19,56,76,Yes
EMP1420,Sales,37,107770,14,44,82,No
EMP1421,Finance,31,89652,3,39,80,No
EMP1422,Sales,51,110960,16,51,78,Yes
EMP1423,HR,38,55186,1,51,44,Yes
EMP1424,HR,45,96712,20,46,57,No
EMP1425,R&D,51,132184,11,49,64,No
EMP1426,Operations,36,90578,12,51,79,No
EMP1427,HR,43,91391,11,55,85,Yes
EMP1428,IT,22,138937,20,33,82,Yes
EMP1429,Sales,44,101186,15,49,65,No
EMP1430,Sales,21,93783,11,30,52,No
EMP1431,HR,41,87786,15,37,65,No
EMP1432,Operations,48,98692,16,51,67,No
EMP1433,Finance,45,104470,10,49,77,No
EMP1434,HR,29,85976,16,55,81,Yes
EMP1435,R&D,31,134746,15,60,88,Yes
EMP1436,IT,26,118627,4,43,86,Yes
EMP1437,Operations,45,93239,9,37,71,No
EMP1438,Finance,29,110435,18,50,57,No
EMP1439,Operations,35,97723,19,54,78,Yes
EMP1440,Support,56,79823,14,55,72,Yes
EMP1441,Finance,39,107805,3,33,91,Yes
EMP1442,Finance,57,115130,12,34,85,Yes
EMP1443,Support,57,79879,1,39,88,Yes
EMP1444,Support,41,87529,12,55,80,No
EMP1445,IT,54,131769,20,48,77,No
EMP1446,Operations,30,87686,10,56,86,Yes
EMP1447,R&D,30,148878,20,39,85,No
EMP1448,HR,59,89580,11,39,89,No
EMP1449,Finance,38,108725,19,45,69,No
EMP1450,Support,24,84564,11,34,68,No
EMP1451,Sales,24,94603,6,57,63,No
EMP1452,IT,22,125378,18,42,75,No
EMP1453,R&D,43,134426,13,42,92,No
EMP1454,Sales,56,98794,13,33,83,Yes
EMP1455,HR,40,93702,15,50,78,No
EMP1456,IT,34,120661,7,55,80,Yes
EMP1457,HR,44,82868,19,33,59,No
EMP1458,Support,31,56925,2,33,42,No
EMP1459,IT,24,115438,4,46,65,Yes
EMP1460,Support,36,61696,2,33,61,No
EMP1461,Marketing,59,93130,6,50,74,No
EMP1462,Finance,50,101860,13,38,54,No
EMP1463,Operations,21,88207,4,33,87,No
EMP1464,Sales,22,112531,19,48,81,Yes
EMP1465,Finance,58,91255,6,42,57,No
EMP1466,IT,27,123494,11,32,76,No
EMP1467,IT,46,107857,1,42,61,No
EMP1468,Finance,54,115644,19,47,69,No
EMP1469,Finance,34,91987,4,35,86,No
EMP1470,Operations,28,74822,2,34,60,No
EMP1471,IT,26,122243,18,38,76,No
EMP1472,Operations,55,89886,6,43,72,No
EMP1473,Sales,40,93857,2,60,99,No
EMP1474,R&D,29,139288,19,45,66,No
EMP1475,Operations,59,103631,18,46,76,Yes
EMP1476,HR,33,85026,5,39,80,No
EMP1477,IT,59,128645,18,36,66,No
EMP1478,Finance,56,98205,9,38,69,No
EMP1479,IT,46,137254,15,32,91,No
EMP1480,Sales,25,98016,9,50,68,No
EMP1481,Operations,57,97683,17,49,86,No
EMP1482,Support,45,77989,1,60,94,Yes
EMP1483,Marketing,28,98496,18,33,70,No
EMP1484,Operations,42,89085,9,34,63,No
EMP1485,Marketing,21,96444,4,42,83,Yes
EMP1486,Finance,32,117294,17,53,73,Yes
EMP1487,R&D,27,134886,17,41,67,Yes
EMP1488,Finance,24,97907,6,40,52,No
EMP1489,IT,43,120662,18,47,55,No
EMP1490,Marketing,21,91297,17,52,61,No
EMP1491,IT,45,130472,19,53,72,No
EMP1492,Sales,59,111300,14,52,100,Yes
EMP1493,Operations,50,103028,17,39,72,No
EMP1494,Sales,40,91057,3,60,87,Yes
EMP1495,Operations,26,73155,3,32,71,No
EMP1496,Finance,39,102774,18,59,46,No
EMP1497,HR,48,91387,17,59,73,No
EMP1498,Finance,46,82665,1,49,61,No
EMP1499,HR,48,87982,18,53,53,No
EMP1500,HR,59,92761,15,60,100,Yes
EMP1501,Sales,32,99905,3,41,82,Yes
EMP1502,R&D,45,126788,6,41,62,Yes
EMP1503,Sales,55,85140,4,39,71,Yes
EMP1504,Support,34,90688,10,59,84,No
EMP1505,HR,50,93134,20,57,63,No
EMP1506,Marketing,43,83779,4,30,75,No
EMP1507,IT,46,117888,12,30,86,No
EMP1508,IT,47,113835,4,59,83,Yes
EMP1509,Marketing,35,103917,16,42,66,Yes
EMP1510,Marketing,27,107802,15,51,83,Yes
EMP1511,IT,43,112701,14,30,59,Yes
EMP1512,Marketing,23,92448,5,42,93,No
EMP1513,HR,31,69704,7,60,57,Yes
EMP1514,R&D,56,139319,16,55,77,No
EMP1515,Operations,46,102020,17,53,95,Yes
EMP1516,Finance,22,91038,5,34,64,No
EMP1517,Sales,24,105216,11,43,94,Yes
EMP1518,Marketing,52,82827,3,54,72,No
EMP1519,IT,53,109067,6,37,73,No
EMP1520,Sales,48,99974,7,45,80,No
EMP1521,Finance,53,120354,20,35,83,No
EMP1522,Sales,28,92228,5,42,96,Yes
EMP1523,Sales,30,94484,14,30,71,No
EMP1524,Marketing,35,88430,8,40,71,No
EMP1525,Support,24,77301,10,33,73,No
EMP1526,Sales,41,84469,2,35,84,Yes
EMP1527,Operations,34,85909,10,45,71,No
EMP1528,R&D,44,128877,11,39,91,Yes
EMP1529,HR,56,76172,5,40,60,No
EMP1530,Operations,36,94223,9,36,91,Yes
EMP1531,Finance,29,130484,20,33,100,No
EMP1532,Sales,33,100666,15,59,83,Yes
EMP1533,Operations,40,89917,16,54,80,Yes
EMP1534,Support,56,91720,9,58,93,No
EMP1535,Operations,44,85259,15,50,69,No
EMP1536,HR,31,89564,20,38,49,No
EMP1537,Marketing,23,109935,19,31,80,No
EMP1538,R&D,55,125061,17,32,57,No
EMP1539,Support,56,73458,13,42,68,Yes
EMP1540,Sales,58,92564,1,58,69,No
EMP1541,R&D,53,139204,17,38,72,No
EMP1542,Finance,31,104041,8,31,82,Yes
EMP1543,HR,30,80494,9,59,91,No
EMP1544,Sales,34,106172,18,33,93,Yes
EMP1545,Operations,41,81930,3,60,70,Yes
EMP1546,Marketing,41,83768,2,50,60,Yes
EMP1547,Operations,35,89469,9,35,74,No
EMP1548,Finance,45,105010,9,57,77,No
EMP1549,Sales,49,100383,8,40,73,No
EMP1550,Support,30,95457,15,37,90,No
EMP1551,Operations,30,95912,16,32,61,No
EMP1552,Sales,57,109401,16,60,75,Yes
EMP1553,Marketing,22,102111,10,35,91,No
EMP1554,Finance,30,85618,3,43,60,No
EMP1555,Support,27,89134,17,34,71,Yes
EMP1556,Support,22,57572,4,56,53,No
EMP1557,HR,29,84879,8,54,80,No
EMP1558,HR,27,99306,18,53,78,Yes
EMP1559,Finance,33,102960,5,45,76,No
EMP1560,Operations,51,66065,5,37,49,No
EMP1561,Marketing,55,83611,4,30,77,No
EMP1562,Support,30,63375,1,59,70,Yes
EMP1563,Support,45,78901,5,41,70,No
EMP1564,Finance,52,91328,6,33,67,No
EMP1565,Marketing,43,89900,3,49,69,No
EMP1566,HR,59,79422,5,35,84,No
EMP1567,IT,48,115544,5,58,69,No
EMP1568,Finance,38,105347,16,51,66,No
EMP1569,Finance,21,93549,5,54,69,No
EMP1570,R&D,25,116903,4,48,66,No
EMP1571,Marketing,30,85608,3,40,82,Yes
EMP1572,R&D,48,143039,16,52,74,No
EMP1573,Operations,29,82045,8,42,62,No
EMP1574,Sales,45,95663,3,48,81,Yes
EMP1575,Sales,26,96881,8,41,100,Yes
EMP1576,R&D,29,127981,4,31,75,No
EMP1577,IT,39,133959,15,34,82,No
EMP1578,Sales,34,95188,8,31,61,Yes
EMP1579,IT,45,114791,1,52,86,Yes
EMP1580,Finance,51,108791,20,57,72,Yes
EMP1581,Operations,30,89731,3,37,88,Yes
EMP1582,IT,51,115341,5,53,82,No
EMP1583,Marketing,51,97590,14,53,64,Yes
EMP1584,Finance,30,102125,2,58,92,Yes
EMP1585,IT,53,117135,6,30,64,No
EMP1586,Marketing,57,107722,17,39,82,Yes
EMP1587,IT,38,106325,3,46,53,Yes
EMP1588,HR,35,99325,13,35,95,No
EMP1589,Finance,50,105883,16,40,67,Yes
EMP1590,Operations,48,74576,7,38,64,No
EMP1591,Operations,59,83194,11,30,75,Yes
EMP1592,HR,40,77405,7,47,82,No
EMP1593,HR,36,88536,9,32,90,No
EMP1594,R&D,23,111127,2,40,72,No
EMP1595,HR,43,85118,10,60,68,No
EMP1596,Operations,29,81122,4,40,79,No
EMP1597,Finance,53,95006,5,30,64,No
EMP1598,HR,39,79180,6,34,68,No
EMP1599,Finance,35,102372,7,55,72,Yes
EMP1600,Operations,49,76565,5,40,68,No
EMP1601,Support,23,78478,13,37,79,No
EMP1602,R&D,27,127255,1,34,90,No
EMP1603,Finance,52,86845,4,44,64,Yes
EMP1604,Operations,43,83535,3,32,100,No
EMP1605,R&D,37,142941,16,38,76,Yes
EMP1606,Finance,57,103855,16,31,62,No
EMP1607,Support,47,90546,20,59,69,No
EMP1608,Operations,44,74419,3,51,63,No
EMP1609,Marketing,23,115364,20,50,94,No
EMP1610,HR,30,76657,4,39,82,Yes
EMP1611,Support,25,79766,8,42,87,Yes
EMP1612,R&D,27,119289,3,35,62,Yes
EMP1613,Support,48,76801,7,42,70,No
EMP1614,R&D,28,122827,9,44,84,No
EMP1615,R&D,30,117784,7,40,42,No
EMP1616,Operations,48,83086,16,36,60,Yes
EMP1617,HR,48,73784,9,38,71,No
EMP1618,Finance,40,106726,15,57,71,No
EMP1619,Marketing,32,94933,2,32,85,No
EMP1620,IT,33,116716,12,60,67,No
EMP1621,IT,48,111062,12,59,70,No
EMP1622,Sales,25,99219,19,49,63,Yes
EMP1623,Operations,21,85960,5,58,68,No
EMP1624,Support,37,81060,17,53,76,No
EMP1625,IT,49,130774,19,33,94,Yes
EMP1626,IT,59,120953,13,36,79,Yes
EMP1627,Sales,57,94140,1,41,75,No
EMP1628,Finance,52,107273,15,43,73,No
EMP1629,Support,54,83413,11,33,86,Yes
EMP1630,IT,55,117619,14,42,69,No
EMP1631,Support,39,93035,20,60,96,No
EMP1632,Finance,26,95878,1,49,64,No
EMP1633,R&D,60,139553,18,33,65,Yes
EMP1634,Marketing,47,90528,7,37,64,No
EMP1635,Support,28,82053,7,57,68,No
EMP1636,R&D,47,139594,13,30,76,No
EMP1637,Sales,53,106087,10,38,81,No
EMP1638,Support,36,73894,1,58,68,No
EMP1639,HR,22,77085,5,55,59,No
EMP1640,Operations,42,90074,6,60,90,No
EMP1641,Sales,56,91545,13,36,66,No
EMP1642,Support,29,75546,13,53,66,No
EMP1643,Operations,54,78219,6,43,77,No
EMP1644,Support,37,103693,18,35,93,Yes
EMP1645,Finance,26,93957,1,43,95,Yes
EMP1646,Finance,57,111362,13,30,76,No
EMP1647,R&D,43,116875,6,37,70,No
EMP1648,Sales,45,87447,9,51,68,No
EMP1649,IT,22,134313,19,57,85,Yes
EMP1650,IT,39,114809,9,58,83,Yes
EMP1651,R&D,44,129378,7,42,92,Yes
EMP1652,Finance,34,118827,14,42,87,Yes
EMP1653,R&D,31,127194,6,39,82,No
EMP1654,HR,28,84378,11,41,75,No
EMP1655,HR,31,93230,17,53,74,Yes
EMP1656,HR,54,88246,17,54,81,Yes
EMP1657,Operations,28,87173,7,30,71,No
EMP1658,IT,38,114764,9,45,82,No
EMP1659,Operations,56,88299,10,44,74,No
EMP1660,Sales,37,91456,6,36,60,No
EMP1661,Marketing,46,82164,4,48,79,No
EMP1662,R&D,48,130420,15,43,59,No
EMP1663,Operations,60,76732,4,49,69,No
EMP1664,Finance,49,92753,6,58,80,No
EMP1665,Marketing,58,98620,14,39,55,No
EMP1666,Operations,46,67147,1,33,60,No
EMP1667,Support,32,85994,12,37,90,Yes
EMP1668,Operations,28,83176,1,40,82,Yes
EMP1669,Operations,34,97901,15,48,82,Yes
EMP1670,Marketing,59,76462,7,46,50,Yes
EMP1671,Marketing,59,92389,3,48,84,Yes
EMP1672,Operations,33,87001,7,31,67,No
EMP1673,HR,38,87155,14,33,80,No
EMP1674,Sales,57,81492,1,39,80,No
EMP1675,HR,50,92027,10,34,81,No
EMP1676,HR,42,68298,1,32,64,Yes
EMP1677,Support,40,80166,9,40,75,No
EMP1678,R&D,60,110989,2,42,62,No
EMP1679,R&D,52,109329,4,56,63,No
EMP1680,HR,29,86012,4,40,86,No
EMP1681,Support,35,76643,6,32,84,No
EMP1682,HR,24,95310,9,58,99,Yes
EMP1683,HR,40,77361,3,38,67,No
EMP1684,IT,29,127914,19,44,89,Yes
EMP1685,IT,58,121594,14,50,69,Yes
EMP1686,R&D,52,132408,9,40,77,No
EMP1687,Sales,26,97500,9,54,73,No
EMP1688,Sales,34,99171,3,32,79,No
EMP1689,Sales,21,89412,7,44,78,No
EMP1690,Operations,40,85973,15,50,67,No
EMP1691,Finance,29,99368,8,59,53,No
EMP1692,Sales,46,99602,7,32,99,Yes
EMP1693,Marketing,57,77755,4,34,69,No
EMP1694,R&D,32,127202,9,30,76,No
EMP1695,R&D,43,127519,9,33,79,No
EMP1696,Support,53,81467,14,46,72,Yes
EMP1697,Marketing,44,80773,4,31,63,No
EMP1698,Sales,46,84370,6,49,59,No
EMP1699,R&D,54,137961,14,33,67,Yes
EMP1700,Finance,24,84411,2,48,59,Yes
EMP1701,Finance,38,94371,8,58,61,No
EMP1702,Sales,38,95352,16,36,61,No
EMP1703,Operations,39,100145,20,39,74,No
EMP1704,R&D,40,120912,8,35,69,No
EMP1705,IT,32,111862,11,58,45,No
EMP1706,Operations,22,92688,6,38,83,Yes
EMP1707,HR,59,77155,12,45,62,No
EMP1708,HR,22,88362,19,51,68,No
EMP1709,IT,30,108015,4,33,68,No
EMP1710,Operations,55,93320,9,51,93,Yes
EMP1711,R&D,21,132889,12,39,68,No
EMP1712,R&D,28,118808,9,51,50,No
EMP1713,HR,30,88352,14,57,82,Yes
EMP1714,Sales,57,107180,14,41,100,No
EMP1715,Sales,45,90927,4,60,72,No
EMP1716,R&D,54,135964,6,38,91,No
EMP1717,Operations,46,97322,19,43,84,Yes
EMP1718,Operations,60,84680,4,43,71,No
EMP1719,Operations,39,74040,4,30,56,No
EMP1720,Marketing,60,97514,18,51,75,Yes
EMP1721,Marketing,25,95624,10,30,66,No
EMP1722,HR,52,83000,10,30,77,No
EMP1723,HR,24,86024,9,34,69,No
EMP1724,IT,26,123510,9,34,82,Yes
EMP1725,Finance,39,101949,8,31,63,No
EMP1726,Support,48,91013,13,60,76,Yes
EMP1727,Marketing,40,113351,20,39,80,No
EMP1728,IT,33,119720,9,34,86,No
EMP1729,Marketing,40,80192,3,39,59,No
EMP1730,Support,27,71040,5,46,68,No
EMP1731,Operations,50,79707,12,43,45,Yes
EMP1732,HR,47,71253,3,54,81,No
EMP1733,Marketing,36,106594,19,46,63,No
EMP1734,Marketing,24,99301,13,34,86,No
EMP1735,R&D,54,140896,15,56,78,No
EMP1736,Finance,42,121066,20,33,76,Yes
EMP1737,R&D,42,122063,2,33,73,No
EMP1738,Sales,54,90081,5,47,57,No
EMP1739,IT,35,114694,5,39,61,Yes
EMP1740,R&D,60,112850,7,33,61,Yes
EMP1741,Finance,54,102743,4,37,78,No
EMP1742,Support,24,76228,4,39,88,Yes
EMP1743,IT,36,136378,18,38,82,No
EMP1744,Finance,48,83654,5,50,58,Yes
EMP1745,Sales,31,105471,17,53,72,Yes
EMP1746,Finance,58,110589,16,41,67,No
EMP1747,Support,27,83593,15,43,77,No
EMP1748,Support,21,81158,19,39,68,No
EMP1749,R&D,23,135409,12,60,90,Yes
EMP1750,IT,43,139406,17,57,94,Yes
EMP1751,Operations,54,95214,13,46,91,Yes
EMP1752,Operations,50,89210,5,38,81,No
EMP1753,Marketing,46,95070,3,59,82,Yes
EMP1754,IT,57,125245,17,54,63,No
EMP1755,IT,41,129746,19,60,61,No
EMP1756,HR,22,69231,6,37,67,No
EMP1757,R&D,51,137178,11,54,77,No
EMP1758,Sales,27,107072,6,53,95,Yes
EMP1759,Support,25,74586,2,49,74,Yes
EMP1760,Operations,59,73351,1,59,78,No
EMP1761,R&D,45,115586,5,50,67,No
EMP1762,Marketing,35,82905,7,53,71,No
EMP1763,Sales,26,99834,19,30,62,Yes
EMP1764,IT,21,114785,12,54,62,No
EMP1765,Finance,42,99572,6,51,71,No
EMP1766,Sales,34,99361,19,56,48,No
EMP1767,Operations,60,97554,18,57,77,No
EMP1768,Finance,57,100718,3,34,78,No
EMP1769,Finance,28,107719,16,37,89,Yes
EMP1770,Marketing,37,96113,13,52,79,Yes
EMP1771,IT,39,109766,3,47,54,No
EMP1772,Marketing,46,102344,20,31,64,No
EMP1773,Finance,58,105741,16,59,83,Yes
EMP1774,Support,37,81449,7,40,70,No
EMP1775,IT,34,129668,18,56,72,No
EMP1776,HR,36,85849,16,32,47,No
EMP1777,HR,43,75776,3,60,57,Yes
EMP1778,R&D,29,122883,9,53,84,Yes
EMP1779,R&D,53,127504,8,50,66,No
EMP1780,Sales,22,97174,2,30,86,No
EMP1781,Sales,55,97646,20,57,61,No
EMP1782,HR,45,85101,13,52,87,Yes
EMP1783,Support,56,72653,5,33,51,No
EMP1784,Sales,42,99149,14,59,84,Yes
EMP1785,Finance,58,91383,1,37,57,No
EMP1786,HR,21,77281,8,56,85,Yes
EMP1787,IT,49,119684,6,39,85,No
EMP1788,Marketing,29,106143,20,42,78,No
EMP1789,Finance,25,101195,9,60,61,No
EMP1790,Sales,49,94861,10,60,71,No
EMP1791,Marketing,36,100848,17,58,72,Yes
EMP1792,Operations,47,103133,20,45,93,Yes
EMP1793,IT,54,113601,8,39,74,No
EMP1794,IT,23,111913,8,52,66,No
EMP1795,R&D,28,120487,1,45,79,No
EMP1796,Finance,24,100890,9,57,66,No
EMP1797,HR,45,84321,13,44,82,No
EMP1798,HR,40,78850,2,47,77,No
EMP1799,HR,59,90192,11,59,79,No
EMP1800,HR,42,98284,20,43,66,No
EMP1801,HR,27,98309,18,42,100,No
EMP1802,R&D,48,137211,19,53,66,No
EMP1803,Marketing,31,90660,13,44,74,No
EMP1804,Marketing,38,79687,3,37,47,No
EMP1805,Operations,57,91500,13,31,66,No
EMP1806,HR,28,83276,10,48,67,No
EMP1807,Marketing,32,92206,15,44,76,No
EMP1808,R&D,56,117609,7,43,75,No
EMP1809,Finance,38,109495,20,47,73,Yes
EMP1810,Marketing,37,97576,16,34,79,No
EMP1811,IT,60,112563,2,37,77,No
EMP1812,R&D,58,131217,11,31,77,No
EMP1813,HR,37,75989,9,30,64,No
EMP1814,HR,59,66938,8,41,53,Yes
EMP1815,R&D,28,134734,17,32,75,No
EMP1816,Support,25,85188,14,58,85,Yes
EMP1817,Operations,59,97539,12,40,100,No
EMP1818,Marketing,60,79084,1,35,71,Yes
EMP1819,IT,58,101868,1,33,58,No
EMP1820,Operations,34,88496,13,56,61,Yes
EMP1821,IT,45,113929,3,60,99,Yes
EMP1822,Support,55,83993,4,57,88,Yes
EMP1823,HR,59,82310,16,51,62,Yes
EMP1824,Marketing,36,98840,11,37,73,No
EMP1825,Operations,35,89849,15,40,74,No
EMP1826,Support,44,70932,3,41,69,No
EMP1827,Operations,51,97378,20,37,63,No
EMP1828,IT,55,123797,8,54,78,No
EMP1829,IT,59,109335,9,55,72,No
EMP1830,IT,57,135391,16,50,85,No
EMP1831,IT,50,110636,1,35,81,No
EMP1832,R&D,27,116908,5,57,81,No
EMP1833,HR,31,67958,3,34,60,No
EMP1834,Operations,29,92274,13,52,73,Yes
EMP1835,Marketing,28,97823,11,58,79,No
EMP1836,HR,25,81504,12,60,65,No
EMP1837,R&D,48,120805,10,54,68,No
EMP1838,Finance,30,94166,1,48,75,No
EMP1839,R&D,45,128826,11,44,83,No
EMP1840,Finance,35,106788,10,45,92,Yes
EMP1841,Support,39,74396,11,42,71,Yes
EMP1842,Sales,48,110173,17,38,81,No
EMP1843,Operations,27,92373,12,39,80,No
EMP1844,IT,39,124194,9,49,83,Yes
EMP1845,Sales,38,98717,5,33,81,Yes
EMP1846,HR,55,95747,18,55,97,Yes
EMP1847,HR,44,88544,7,39,89,Yes
EMP1848,IT,50,109945,10,59,69,No
EMP1849,Finance,49,103912,14,45,73,No
EMP1850,Finance,43,107897,3,53,98,Yes
EMP1851,Finance,41,100050,6,46,68,No
EMP1852,Finance,41,91145,2,43,86,No
EMP1853,Operations,33,108201,18,51,83,Yes
EMP1854,HR,36,70163,5,48,60,No
EMP1855,Sales,33,105268,9,45,87,Yes
EMP1856,IT,33,116259,3,60,92,No
EMP1857,Sales,21,100732,14,32,58,Yes
EMP1858,Support,37,94588,20,42,75,No
EMP1859,Operations,51,110473,17,51,98,Yes
EMP1860,Marketing,52,100322,16,55,68,No
EMP1861,Operations,55,103282,16,39,79,No
EMP1862,Marketing,47,96353,15,40,78,No
EMP1863,Finance,32,111619,15,60,72,Yes
EMP1864,IT,51,125950,16,49,80,No
EMP1865,HR,39,82501,9,46,80,Yes
EMP1866,Operations,37,95562,11,43,97,No
EMP1867,Support,46,79187,9,59,88,Yes
EMP1868,HR,40,86275,15,43,79,No
EMP1869,IT,55,109348,7,54,54,No
EMP1870,IT,59,128069,18,30,54,No
EMP1871,Support,26,69939,11,59,62,No
EMP1872,Sales,44,108022,18,36,91,No
EMP1873,Support,35,81123,10,55,81,Yes
EMP1874,Sales,21,84128,2,57,84,No
EMP1875,Finance,53,101339,13,55,68,Yes
EMP1876,Sales,23,91075,9,53,75,No
EMP1877,Support,46,67291,5,56,74,Yes
EMP1878,Support,22,71552,1,53,65,No
EMP1879,IT,27,128828,19,55,57,Yes
EMP1880,Operations,48,93933,17,53,89,Yes
EMP1881,R&D,33,124469,4,38,90,Yes
EMP1882,Finance,35,103213,14,47,71,No
EMP1883,Sales,45,90196,1,45,70,No
EMP1884,Finance,49,98327,8,48,45,Yes
EMP1885,Sales,49,92496,12,45,59,No
EMP1886,Finance,27,105802,18,35,68,No
EMP1887,R&D,58,129108,8,32,85,No
EMP1888,Sales,24,108397,16,38,87,Yes
EMP1889,Operations,30,82477,2,40,68,Yes
EMP1890,Sales,56,100038,16,47,59,Yes
EMP1891,Sales,41,102768,15,52,59,No
EMP1892,Finance,27,101669,14,52,76,Yes
EMP1893,HR,31,99649,17,53,80,No
EMP1894,HR,48,94459,16,35,80,No
EMP1895,R&D,29,133834,18,43,66,No
EMP1896,Marketing,54,102774,11,49,80,No
EMP1897,IT,30,122697,10,46,66,No
EMP1898,Marketing,51,99588,15,36,55,No
EMP1899,IT,31,125470,17,52,75,Yes
EMP1900,R&D,25,120242,1,39,73,No
EMP1901,Finance,55,115539,15,40,88,Yes
EMP1902,Operations,56,91302,8,41,84,Yes
EMP1903,Sales,38,105699,10,56,85,Yes
EMP1904,Support,37,89911,18,47,68,No
EMP1905,Finance,58,92857,5,33,73,No
EMP1906,IT,54,130101,19,50,65,No
EMP1907,Marketing,60,99496,16,36,85,Yes
EMP1908,IT,30,126079,6,45,93,Yes
EMP1909,Finance,24,98378,5,46,79,No
EMP1910,Finance,36,106831,18,42,63,No
EMP1911,R&D,43,129471,10,56,60,No
EMP1912,Sales,31,90341,9,52,72,No
EMP1913,R&D,52,136033,9,51,93,Yes
EMP1914,HR,44,98177,15,54,92,Yes
EMP1915,Support,34,94029,20,47,94,Yes
EMP1916,IT,21,105914,7,44,56,No
EMP1917,HR,58,82557,10,40,84,No
EMP1918,HR,59,86754,9,31,81,Yes
EMP1919,R&D,46,110537,2,52,72,No
EMP1920,HR,51,91196,20,50,65,No
EMP1921,R&D,55,120536,4,31,63,No
EMP1922,IT,29,119715,3,43,87,No
EMP1923,HR,49,83818,2,40,87,Yes
EMP1924,HR,42,90871,11,58,83,Yes
EMP1925,Operations,54,77939,1,60,68,No
EMP1926,Finance,33,111743,17,34,64,Yes
EMP1927,IT,49,102105,2,38,60,No
EMP1928,HR,40,75595,9,47,63,Yes
EMP1929,R&D,57,128290,3,48,79,Yes
EMP1930,Finance,32,105666,11,48,72,No
EMP1931,IT,21,117116,7,50,71,No
EMP1932,Marketing,33,81173,5,39,78,No
EMP1933,Marketing,32,93535,9,34,63,No
EMP1934,Sales,32,99928,10,38,70,No
EMP1935,Finance,52,101319,12,48,61,No
EMP1936,IT,23,128851,19,42,90,Yes
EMP1937,Sales,48,98498,12,50,82,Yes
EMP1938,Marketing,26,90102,17,54,55,Yes
EMP1939,R&D,37,118254,2,59,88,Yes
EMP1940,R&D,58,134536,11,41,86,Yes
EMP1941,HR,41,64700,4,50,58,No
EMP1942,Operations,42,95011,4,35,95,Yes
EMP1943,IT,50,129952,18,35,75,No
EMP1944,Support,46,78890,16,56,62,Yes
EMP1945,Operations,59,95605,11,45,70,No
EMP1946,Sales,53,86527,4,43,65,No
EMP1947,Support,58,66175,1,35,47,No
EMP1948,Sales,57,94069,5,34,72,No
EMP1949,HR,26,83465,10,55,77,No
EMP1950,R&D,21,121016,5,36,53,No
EMP1951,Marketing,26,95114,6,37,83,Yes
EMP1952,Operations,21,89247,16,35,64,Yes
EMP1953,Support,34,79927,16,51,65,No
EMP1954,Finance,45,104901,5,40,84,No
EMP1955,Support,41,77830,10,56,63,No
EMP1956,Finance,43,106881,16,51,53,No
EMP1957,HR,35,93168,20,35,76,No
EMP1958,HR,60,89573,20,54,63,No
EMP1959,Sales,29,102121,16,36,84,Yes
EMP1960,IT,48,110046,5,39,77,No
EMP1961,R&D,23,128024,9,60,82,No
EMP1962,Finance,50,97040,3,41,72,No
EMP1963,Support,21,81844,6,40,84,Yes
EMP1964,R&D,46,129443,14,54,85,Yes
EMP1965,Marketing,28,104758,20,55,79,No
EMP1966,Operations,55,90969,12,33,62,No
EMP1967,Support,55,79973,13,57,71,No
EMP1968,Marketing,33,101268,17,56,68,No
EMP1969,R&D,48,117971,2,44,73,No
EMP1970,HR,59,86374,12,38,80,No
EMP1971,Marketing,22,96537,18,38,79,No
EMP1972,Marketing,23,106603,20,33,85,No
EMP1973,Support,36,67369,6,32,68,No
EMP1974,Support,38,85238,12,44,73,No
EMP1975,R&D,23,121958,3,40,70,No
EMP1976,Finance,45,106340,17,53,79,Yes
EMP1977,Marketing,48,103472,13,30,83,No
EMP1978,Finance,48,97489,4,55,93,No
EMP1979,Marketing,60,108490,17,47,80,Yes
EMP1980,R&D,34,134486,14,38,67,No
EMP1981,IT,38,125469,17,51,86,Yes
EMP1982,Marketing,21,91406,14,36,78,No
EMP1983,IT,38,104812,9,44,48,Yes
EMP1984,Sales,22,85494,11,37,55,No
EMP1985,R&D,58,128292,14,50,62,No
EMP1986,HR,42,78974,11,40,66,No
EMP1987,IT,50,121040,16,36,67,No
EMP1988,HR,57,74121,3,50,73,No
EMP1989,Operations,26,85281,7,53,86,No
EMP1990,R&D,50,118987,1,34,73,No
EMP1991,Operations,57,101697,14,43,77,No
EMP1992,R&D,36,132307,13,59,74,Yes
EMP1993,Finance,27,103940,13,36,76,Yes
EMP1994,IT,46,127367,18,43,80,No
EMP1995,Support,59,82632,9,40,77,No
EMP1996,Operations,53,90325,18,47,58,Yes
EMP1997,Support,52,95487,15,39,81,No
EMP1998,Support,39,70846,1,47,63,No
EMP1999,R&D,32,116052,4,42,64,No
EMP2000,HR,60,80389,8,34,68,No
EMP2001,Finance,59,114991,19,53,72,Yes
EMP2002,R&D,26,135172,12,30,76,No
EMP2003,Support,56,91300,17,57,84,Yes
EMP2004,Sales,32,117528,16,59,99,No
EMP2005,Operations,29,89905,10,32,81,Yes
EMP2006,R&D,36,121545,6,44,69,No
EMP2007,Operations,31,89765,8,44,74,Yes
EMP2008,Support,54,84013,16,57,70,Yes
EMP2009,Support,37,89201,18,33,71,No
EMP2010,R&D,51,117998,2,39,58,No
EMP2011,HR,44,91309,13,52,90,Yes
EMP2012,Finance,27,90750,5,57,67,No
EMP2013,Finance,31,100232,12,43,71,No
EMP2014,Sales,37,91469,4,40,69,No
EMP2015,R&D,52,124785,8,54,74,No
EMP2016,R&D,37,144289,19,38,85,Yes
EMP2017,IT,30,136283,17,39,99,Yes
EMP2018,Marketing,40,92235,6,48,79,No
EMP2019,R&D,39,124902,5,53,77,No
EMP2020,Support,37,81691,8,30,69,No
EMP2021,Marketing,30,107563,19,30,73,No
EMP2022,Support,51,93691,20,58,94,No
EMP2023,IT,58,129622,17,40,63,No
EMP2024,IT,54,124679,16,35,73,No
EMP2025,HR,25,79609,11,37,71,No
EMP2026,Finance,33,107625,12,45,82,No
EMP2027,HR,54,81128,8,53,80,No
EMP2028,Operations,53,86515,3,38,91,No
EMP2029,Finance,24,111162,15,48,66,No
EMP2030,Sales,35,96209,15,35,73,No
EMP2031,Marketing,56,98731,9,32,74,Yes
EMP2032,IT,54,106653,10,31,55,No
EMP2033,R&D,50,126693,4,47,77,No
EMP2034,Sales,51,83366,4,44,72,No
EMP2035,Finance,55,103057,19,36,66,No
EMP2036,Finance,49,102751,7,48,69,No
EMP2037,R&D,21,126590,9,54,67,Yes
EMP2038,R&D,53,132572,10,60,80,No
EMP2039,Sales,42,92759,9,51,65,Yes
EMP2040,IT,52,112686,1,40,71,No
EMP2041,R&D,52,124291,6,35,86,Yes
EMP2042,R&D,42,134592,18,56,80,Yes
EMP2043,Finance,35,96490,7,39,64,No
EMP2044,Marketing,60,92308,7,48,74,Yes
EMP2045,IT,33,125755,13,55,78,Yes
EMP2046,R&D,59,139052,14,54,81,Yes
EMP2047,Marketing,51,93148,10,41,81,No
EMP2048,Operations,49,92278,10,43,83,Yes
EMP2049,Support,21,92545,13,31,85,Yes
EMP2050,R&D,38,119939,1,56,72,Yes
EMP2051,Marketing,39,89486,12,30,65,No
EMP2052,Sales,34,116110,20,46,94,No
EMP2053,Finance,25,102217,8,35,68,No
EMP2054,HR,45,91239,16,37,87,No
EMP2055,Support,24,68653,4,31,68,No
EMP2056,Marketing,28,104081,16,34,67,No
EMP2057,Operations,47,79276,5,57,80,No
EMP2058,R&D,36,133205,11,48,83,No
EMP2059,Marketing,56,105950,17,56,74,No
EMP2060,Operations,44,101443,15,53,77,Yes
EMP2061,Operations,50,91666,8,44,69,No
EMP2062,Marketing,59,78502,1,34,81,No
EMP2063,Support,46,99308,16,55,89,No
EMP2064,Operations,22,92975,19,43,79,No
EMP2065,Operations,55,93882,16,39,59,Yes
EMP2066,Finance,56,87842,4,47,67,No
EMP2067,Finance,57,100697,15,49,70,No
EMP2068,Support,38,90371,15,44,68,No
EMP2069,IT,42,108046,3,35,68,No
EMP2070,Support,22,77513,13,48,66,Yes
EMP2071,Support,22,74067,1,37,71,No
EMP2072,Operations,55,99251,15,50,81,Yes
EMP2073,Operations,57,77575,5,36,76,No
EMP2074,HR,29,97341,18,41,66,Yes
EMP2075,Operations,35,79341,7,36,70,No
EMP2076,Sales,43,97679,1,34,86,No
EMP2077,R&D,28,129322,13,30,56,Yes
EMP2078,HR,49,86604,15,42,81,Yes
EMP2079,Support,58,79424,4,32,89,No
EMP2080,Finance,31,106012,7,33,72,No
EMP2081,Operations,41,93705,14,36,76,No
EMP2082,Marketing,53,87286,4,60,80,Yes
EMP2083,Support,47,93794,13,60,82,Yes
EMP2084,Finance,48,103588,10,37,66,Yes
EMP2085,Support,51,82451,1,60,93,Yes
EMP2086,IT,36,103851,6,48,70,Yes
EMP2087,IT,29,126137,16,54,90,No
EMP2088,Marketing,44,111788,20,43,78,Yes
EMP2089,IT,32,133805,17,60,87,Yes
EMP2090,Finance,31,93743,1,45,92,Yes
EMP2091,Operations,37,93416,20,40,77,No
EMP2092,HR,30,88888,14,31,75,No
EMP2093,IT,31,108179,4,30,70,No
EMP2094,Finance,51,117377,15,43,81,No
EMP2095,R&D,29,137492,20,55,68,No
EMP2096,Marketing,29,92497,11,51,67,No
EMP2097,Finance,51,106961,16,53,82,Yes
EMP2098,IT,30,104296,8,51,61,No
EMP2099,Support,39,96210,20,33,75,No
EMP2100,Operations,50,102668,19,46,84,Yes
EMP2101,Marketing,29,96765,11,43,70,No
EMP2102,HR,45,70292,2,55,79,No
EMP2103,HR,30,71284,2,56,76,Yes
EMP2104,R&D,51,130500,12,36,68,No
EMP2105,Support,49,66730,7,44,64,No
EMP2106,Operations,42,77186,6,38,64,No
EMP2107,R&D,56,145405,15,51,94,Yes
EMP2108,Finance,44,105016,14,50,88,No
EMP2109,IT,27,120226,8,44,77,No
EMP2110,Operations,40,93215,15,43,69,No
EMP2111,Finance,53,102320,6,42,85,Yes
EMP2112,Sales,22,90799,7,53,52,No
EMP2113,IT,57,132388,17,46,89,Yes
EMP2114,IT,44,117997,6,33,79,No
EMP2115,Sales,30,107362,18,60,87,Yes
EMP2116,Support,39,82998,13,58,71,No
EMP2117,R&D,50,121976,11,34,73,No
EMP2118,Marketing,34,109466,20,49,65,Yes
EMP2119,Support,29,82271,5,45,83,No
EMP2120,Sales,46,85665,6,50,56,No
EMP2121,Sales,36,96350,12,32,79,No
EMP2122,Finance,58,105264,5,36,100,Yes
EMP2123,Marketing,41,78581,1,50,82,No
EMP2124,R&D,35,141821,15,39,81,Yes
EMP2125,R&D,30,126193,3,58,100,No
EMP2126,HR,45,82921,9,33,71,No
EMP2127,IT,52,120139,10,37,69,No
EMP2128,Operations,36,98594,16,56,74,No
EMP2129,Support,24,77750,4,57,77,No
EMP2130,Marketing,53,89327,11,43,52,No
EMP2131,Operations,26,77647,1,33,71,No
EMP2132,Support,38,73687,4,54,61,No
EMP2133,Support,59,94007,17,57,85,Yes
EMP2134,Finance,57,101788,4,33,69,No
EMP2135,Operations,58,95353,20,43,82,Yes
EMP2136,R&D,50,133314,19,57,57,Yes
EMP2137,Support,48,75898,1,36,72,No
EMP2138,Marketing,47,81231,1,53,73,No
EMP2139,Marketing,43,97757,12,41,83,No
EMP2140,Operations,50,91353,9,54,73,Yes
EMP2141,Operations,46,99835,12,54,84,Yes
EMP2142,Operations,60,95341,18,53,53,No
EMP2143,Sales,41,98302,10,33,79,No
EMP2144,R&D,32,127136,13,36,72,No
EMP2145,R&D,43,120208,11,55,64,No
EMP2146,Operations,22,83982,4,36,79,No
EMP2147,Marketing,56,92854,18,35,60,Yes
EMP2148,Support,37,75673,5,52,86,Yes
EMP2149,Support,29,94059,13,33,86,No
EMP2150,Marketing,60,95405,19,32,58,No
EMP2151,R&D,23,125631,8,47,96,Yes
EMP2152,Sales,36,107215,8,44,100,No
EMP2153,IT,21,126217,10,37,98,No
EMP2154,Support,56,82899,18,48,69,No
EMP2155,Support,57,81113,13,53,73,No
EMP2156,Marketing,48,109746,12,41,96,No
EMP2157,Sales,41,110720,18,41,91,No
EMP2158,Sales,55,105433,19,34,83,No
EMP2159,R&D,55,134998,11,33,80,No
EMP2160,Sales,50,97157,9,48,59,Yes
EMP2161,R&D,52,140162,19,43,100,Yes
EMP2162,HR,43,99272,16,57,90,Yes
EMP2163,Operations,25,79151,9,48,74,No
EMP2164,R&D,48,126525,5,42,100,No
EMP2165,Marketing,55,94272,10,40,77,No
EMP2166,IT,55,142535,19,40,96,Yes
EMP2167,HR,43,87092,19,33,75,No
EMP2168,IT,33,118776,8,49,70,No
EMP2169,IT,32,110836,1,50,92,Yes
EMP2170,Support,57,79377,13,55,66,No
EMP2171,R&D,29,136187,11,35,84,Yes
EMP2172,Marketing,52,83218,3,35,81,Yes
EMP2173,Sales,43,83973,3,40,69,Yes
EMP2174,HR,56,72113,2,51,76,Yes
EMP2175,HR,54,75807,1,30,70,No
EMP2176,Operations,25,89028,6,36,84,No
EMP2177,IT,55,114084,7,41,89,No
EMP2178,IT,49,111388,6,46,85,No
EMP2179,R&D,22,153303,20,31,98,No
EMP2180,Marketing,39,85740,4,41,65,No
EMP2181,IT,27,120973,16,36,42,No
EMP2182,R&D,56,122088,13,55,49,No
EMP2183,Finance,42,107540,8,41,94,Yes
EMP2184,Support,23,97717,12,31,98,No
EMP2185,R&D,58,112001,4,57,57,No
EMP2186,Support,55,72848,7,39,72,No
EMP2187,Sales,39,93690,14,42,70,No
EMP2188,Operations,56,94170,16,49,76,Yes
EMP2189,Marketing,24,107431,17,56,100,No
EMP2190,IT,41,103558,2,47,82,Yes
EMP2191,Marketing,45,96223,7,41,78,No
EMP2192,Support,53,83221,17,57,74,No
EMP2193,HR,34,88122,4,44,99,Yes
EMP2194,Sales,52,94342,7,48,67,No
EMP2195,HR,45,67877,7,58,64,No
EMP2196,Operations,32,78491,13,56,49,Yes
EMP2197,Support,23,65580,5,34,61,No
EMP2198,Support,57,84155,10,36,65,No
EMP2199,Marketing,47,90005,1,43,80,No
EMP2200,R&D,37,138665,20,30,64,No
EMP2201,HR,49,70424,5,51,73,Yes
EMP2202,R&D,25,119063,6,47,70,Yes
EMP2203,Marketing,46,87434,10,47,69,Yes
EMP2204,Finance,46,100767,7,60,97,No
EMP2205,R&D,33,120591,5,46,88,Yes
EMP2206,HR,45,82593,6,32,74,No
EMP2207,Finance,36,102392,14,49,61,No
EMP2208,HR,53,79997,7,54,89,No
EMP2209,HR,57,73109,1,60,88,No
EMP2210,Operations,50,93853,7,58,94,Yes
EMP2211,Support,30,77884,10,46,82,Yes
EMP2212,R&D,22,140768,15,32,77,Yes
EMP2213,Marketing,56,78424,6,34,64,No
EMP2214,Support,54,90584,18,30,71,No
EMP2215,Operations,44,75646,2,34,89,Yes
EMP2216,HR,45,96241,19,33,64,Yes
EMP2217,HR,57,100355,18,32,97,No
EMP2218,Support,39,92317,20,42,77,No
EMP2219,Sales,52,102354,20,38,54,No
EMP2220,IT,50,134500,18,58,100,Yes
EMP2221,Marketing,32,91993,13,38,83,Yes
EMP2222,Marketing,30,79573,2,44,67,No
EMP2223,Sales,46,88798,5,56,69,No
EMP2224,Support,50,91753,15,44,69,No
EMP2225,Operations,42,79223,11,51,59,Yes
EMP2226,Sales,57,104813,7,60,86,No
EMP2227,Operations,50,100751,18,57,76,Yes
EMP2228,Support,30,83793,16,33,62,No
EMP2229,Marketing,60,105680,14,31,78,Yes
EMP2230,Support,54,96003,14,35,85,Yes
EMP2231,Sales,45,117801,19,51,91,Yes
EMP2232,IT,46,142920,19,55,100,Yes
EMP2233,Support,41,94907,15,37,79,No
EMP2234,HR,27,65451,3,32,70,Yes
EMP2235,HR,42,82532,3,40,85,Yes
EMP2236,Sales,40,90311,3,41,70,No
EMP2237,R&D,51,135995,11,52,79,No
EMP2238,IT,31,126921,14,33,84,No
EMP2239,Support,31,81907,18,47,62,No
EMP2240,Sales,28,86639,5,59,61,Yes
EMP2241,HR,29,77076,13,45,69,No
EMP2242,Operations,49,95779,19,48,80,No
EMP2243,HR,52,109324,19,41,100,Yes
EMP2244,IT,29,124948,20,39,51,No
EMP2245,IT,28,117188,7,60,68,No
EMP2246,Finance,43,112555,20,55,67,Yes
EMP2247,Support,31,82826,12,57,74,No
EMP2248,HR,52,84084,11,58,89,Yes
EMP2249,Sales,40,97020,9,44,85,No
EMP2250,R&D,26,121614,11,47,74,Yes
EMP2251,HR,57,63676,1,39,55,No
EMP2252,Marketing,45,105558,11,41,92,No
EMP2253,Support,47,88450,11,34,92,Yes
EMP2254,Marketing,38,81770,3,59,68,No
EMP2255,Finance,41,122459,17,58,91,No
EMP2256,Sales,25,91414,6,41,89,Yes
EMP2257,Sales,26,86039,3,30,71,No
EMP2258,Finance,30,114871,19,50,55,No
EMP2259,R&D,42,120868,4,49,88,No
EMP2260,Finance,32,106637,3,52,87,Yes
EMP2261,Support,35,77847,7,31,72,No
EMP2262,R&D,33,134821,16,49,63,Yes
EMP2263,Marketing,58,78531,2,44,75,No
EMP2264,Marketing,30,111137,18,48,76,Yes
EMP2265,Finance,25,99230,7,35,86,Yes
EMP2266,Marketing,59,94595,14,46,58,Yes
EMP2267,Support,37,89240,12,53,75,No
EMP2268,Marketing,39,81809,6,32,76,Yes
EMP2269,Operations,24,105474,20,54,77,No
EMP2270,R&D,21,119736,3,40,70,No
EMP2271,Operations,59,78535,3,48,73,No
EMP2272,R&D,44,147657,16,39,97,Yes
EMP2273,Sales,35,112167,19,35,85,No
EMP2274,Operations,46,101680,15,57,77,No
EMP2275,IT,30,134814,13,43,98,Yes
EMP2276,IT,46,116966,12,30,67,No
EMP2277,IT,30,128160,19,60,77,No
EMP2278,Marketing,42,91198,7,30,79,No
EMP2279,Marketing,56,94327,9,37,81,Yes
EMP2280,IT,52,121652,2,41,90,Yes
EMP2281,Operations,51,103497,20,39,84,No
EMP2282,Support,52,70346,1,60,86,No
EMP2283,Operations,40,96377,20,43,62,Yes
EMP2284,Operations,29,94699,12,48,64,No
EMP2285,HR,49,88926,12,43,75,No
EMP2286,Operations,51,93382,9,47,100,No
EMP2287,Operations,33,87361,5,60,67,No
EMP2288,Sales,36,110396,16,48,90,No
EMP2289,Operations,53,74382,4,42,75,No
EMP2290,R&D,59,120464,9,32,58,No
EMP2291,Sales,38,88990,5,41,77,No
EMP2292,HR,41,86418,12,56,71,No
EMP2293,IT,38,125836,11,45,91,Yes
EMP2294,Sales,59,106393,20,33,73,No
EMP2295,Sales,54,110129,17,39,75,No
EMP2296,HR,40,80260,9,36,86,Yes
EMP2297,HR,47,60168,3,41,49,No
EMP2298,Support,56,76476,6,49,80,No
EMP2299,Finance,38,107665,15,38,80,Yes
EMP2300,IT,41,105558,1,33,90,No
EMP2301,R&D,44,116417,5,40,80,No
EMP2302,Operations,46,81644,6,40,64,No
EMP2303,HR,39,84833,11,48,75,Yes
EMP2304,IT,52,101562,3,59,71,Yes
EMP2305,Finance,54,95653,6,60,73,No
EMP2306,Operations,26,95251,14,40,69,Yes
EMP2307,Support,55,67380,2,46,56,Yes
EMP2308,Finance,34,106638,15,35,85,No
EMP2309,Marketing,35,80209,8,31,65,No
EMP2310,Sales,51,79688,2,31,62,No
EMP2311,IT,29,126481,17,40,66,No
EMP2312,Marketing,52,92460,1,51,93,No
EMP2313,Finance,23,102502,7,48,83,Yes
EMP2314,Finance,58,112722,12,46,76,No
EMP2315,Support,34,82053,5,47,91,Yes
EMP2316,Operations,53,97527,13,35,75,Yes
EMP2317,Marketing,42,95457,7,40,84,Yes
EMP2318,HR,49,95122,20,60,67,No
EMP2319,Support,34,86620,6,33,95,No
EMP2320,Sales,33,115043,19,53,80,Yes
EMP2321,Sales,58,88065,10,41,58,No
EMP2322,Marketing,34,99777,17,30,78,Yes
EMP2323,IT,42,115863,7,45,86,Yes
EMP2324,Support,59,74105,6,59,71,No
EMP2325,Marketing,36,77361,3,49,75,No
EMP2326,HR,38,71741,1,39,75,No
EMP2327,IT,27,107933,2,41,76,No
EMP2328,Operations,25,92209,9,43,82,Yes
EMP2329,HR,28,88738,10,34,72,No
EMP2330,Sales,28,103454,1,58,100,No
EMP2331,IT,21,116523,4,32,72,No
EMP2332,Marketing,38,78777,1,52,61,No
EMP2333,IT,34,109299,3,42,73,No
EMP2334,R&D,47,123849,6,30,72,No
EMP2335,Finance,38,87949,10,53,53,No
EMP2336,Sales,36,96981,15,55,77,No
EMP2337,HR,57,88393,14,47,88,No
EMP2338,HR,39,85698,12,32,70,No
EMP2339,R&D,55,122027,6,41,68,No
EMP2340,Operations,43,91056,14,35,65,No
EMP2341,R&D,43,130802,10,34,82,No
EMP2342,Support,44,80265,14,32,56,Yes
EMP2343,IT,42,119769,12,50,55,No
EMP2344,HR,42,99135,17,59,79,No
EMP2345,IT,59,120494,11,47,61,No
EMP2346,IT,34,122091,13,32,60,No
EMP2347,Finance,53,103423,18,31,59,No
EMP2348,IT,35,112665,11,45,73,No
EMP2349,Operations,56,90853,13,46,68,No
EMP2350,Support,27,76899,8,50,65,No
EMP2351,Sales,21,101583,17,55,80,No
EMP2352,Marketing,36,103770,13,39,79,Yes
EMP2353,Finance,33,89242,1,30,80,No
EMP2354,Finance,25,109981,9,44,76,Yes
EMP2355,Operations,46,72442,1,52,66,No
EMP2356,Support,60,88438,19,59,68,No
EMP2357,HR,52,76429,2,45,73,No
EMP2358,Support,55,77031,4,43,77,No
EMP2359,Operations,52,88841,1,42,88,Yes
EMP2360,Marketing,55,81920,3,32,78,No
EMP2361,Finance,50,103388,13,53,66,Yes
EMP2362,Marketing,56,105855,15,36,88,Yes
EMP2363,HR,29,93645,19,57,73,No
EMP2364,IT,50,117257,9,52,72,No
EMP2365,HR,37,99082,19,33,70,No
EMP2366,IT,23,110779,10,49,61,No
EMP2367,IT,25,118659,7,45,73,No
EMP2368,IT,45,103642,2,39,75,No
EMP2369,R&D,35,124763,15,55,66,Yes
EMP2370,IT,59,119127,19,30,49,No
EMP2371,Support,22,80292,17,58,69,No
EMP2372,HR,38,85952,14,47,59,No
EMP2373,Finance,26,104125,9,58,85,Yes
EMP2374,Sales,29,84304,4,30,71,Yes
EMP2375,IT,33,124409,15,51,86,Yes
EMP2376,IT,58,123869,14,33,74,Yes
EMP2377,Sales,30,95992,10,34,74,Yes
EMP2378,HR,28,83806,17,51,63,No
EMP2379,HR,40,89377,5,40,95,Yes
EMP2380,R&D,51,124872,16,36,63,Yes
EMP2381,Finance,30,81964,5,57,51,No
EMP2382,Finance,57,100021,6,37,73,No
EMP2383,Operations,35,97165,9,43,86,Yes
EMP2384,Support,22,81952,7,51,79,No
EMP2385,Support,49,90886,20,56,88,Yes
EMP2386,Support,31,73140,8,49,60,No
EMP2387,Finance,48,113892,20,30,61,No
EMP2388,IT,23,121543,12,38,82,Yes
EMP2389,Operations,40,103640,18,49,70,No
EMP2390,R&D,45,143378,19,52,84,No
EMP2391,IT,51,115978,11,32,63,No
EMP2392,Finance,37,87644,9,59,44,No
EMP2393,Sales,41,107380,11,59,75,No
EMP2394,Operations,54,91823,14,38,82,Yes
EMP2395,Sales,60,95857,5,55,76,No
EMP2396,Operations,34,91271,15,48,65,Yes
EMP2397,Marketing,36,86399,7,49,80,No
EMP2398,R&D,44,118085,8,42,53,No
EMP2399,R&D,55,123138,11,34,74,No
EMP2400,Support,21,78553,3,36,79,No
EMP2401,R&D,50,138839,18,48,81,Yes
EMP2402,HR,48,79670,16,49,62,No
EMP2403,Support,41,79578,4,34,79,No
EMP2404,HR,25,86536,9,33,85,No
EMP2405,IT,27,121981,14,36,92,Yes
EMP2406,Operations,60,87491,9,39,79,No
EMP2407,Sales,60,108042,20,48,75,No
EMP2408,IT,22,115239,18,48,47,No
EMP2409,IT,45,100093,7,47,52,No
EMP2410,Marketing,52,75083,4,33,55,No
EMP2411,Sales,36,100910,15,49,78,Yes
EMP2412,HR,36,86846,10,43,81,No
EMP2413,Support,49,81722,7,37,79,No
EMP2414,IT,45,129178,20,54,77,Yes
EMP2415,Marketing,34,98776,16,43,78,Yes
EMP2416,Support,49,85110,20,36,60,Yes
EMP2417,Finance,59,104348,13,35,76,No
EMP2418,Marketing,36,86232,10,58,67,No
EMP2419,R&D,22,141682,19,37,72,No
EMP2420,Support,57,79491,12,41,71,Yes
EMP2421,Support,49,77609,14,32,64,No
EMP2422,Marketing,51,85440,6,35,79,No
EMP2423,Sales,23,108235,13,41,83,No
EMP2424,Finance,60,109652,18,31,77,Yes
EMP2425,Marketing,49,96320,5,39,83,No
EMP2426,Sales,47,101928,10,35,84,Yes
EMP2427,Finance,60,97077,2,48,63,No
EMP2428,IT,39,128983,18,45,57,No
EMP2429,IT,36,105962,1,55,90,Yes
EMP2430,Finance,38,91083,6,47,71,No
EMP2431,Operations,32,77193,5,47,83,Yes
EMP2432,IT,38,117589,17,56,71,No
EMP2433,HR,46,73517,5,35,81,Yes
EMP2434,Operations,57,83777,9,44,77,No
EMP2435,Finance,36,95583,6,50,72,Yes
EMP2436,Marketing,50,100627,17,55,72,No
EMP2437,Support,56,93063,18,53,62,No
EMP2438,Operations,59,107573,19,52,83,No
EMP2439,Marketing,54,97986,14,35,60,Yes
EMP2440,Finance,59,102189,12,56,74,Yes
EMP2441,Support,45,76305,13,39,67,No
EMP2442,Sales,48,100875,5,44,82,No
EMP2443,IT,40,134255,13,37,91,Yes
EMP2444,R&D,46,140871,15,52,95,Yes
EMP2445,Sales,50,89434,5,43,83,No
EMP2446,Finance,39,102343,12,31,72,No
EMP2447,Support,48,70437,3,49,68,No
EMP2448,R&D,25,133169,12,40,96,Yes
EMP2449,IT,21,103681,4,34,74,Yes
EMP2450,Sales,54,94395,12,30,59,No
EMP2451,R&D,43,140370,20,40,74,No
EMP2452,R&D,52,134520,14,54,78,Yes
EMP2453,Finance,30,108238,13,40,68,No
EMP2454,IT,30,112906,7,32,64,No
EMP2455,Support,35,62336,2,31,65,No
EMP2456,Sales,47,101962,5,43,100,No
EMP2457,Sales,21,91507,3,35,80,No
EMP2458,Sales,50,93670,6,59,67,No
EMP2459,Finance,50,103432,11,49,73,No
EMP2460,Marketing,57,105218,18,47,63,No
EMP2461,Operations,41,94112,17,34,63,No
EMP2462,Marketing,59,89201,8,37,55,Yes
EMP2463,R&D,38,128066,11,60,60,No
EMP2464,HR,58,89041,10,55,74,No
EMP2465,IT,56,113675,8,57,80,No
EMP2466,IT,27,117047,18,46,50,No
EMP2467,Support,47,92208,19,40,72,No
EMP2468,Finance,41,95100,2,43,83,No
EMP2469,IT,47,120396,16,30,69,Yes
EMP2470,R&D,46,140840,19,36,84,Yes
EMP2471,Sales,39,98697,8,49,78,No
EMP2472,Support,26,62548,4,32,64,No
EMP2473,HR,30,98643,18,43,69,No
EMP2474,IT,24,102359,1,45,75,Yes
EMP2475,Marketing,44,100878,12,51,71,No
EMP2476,Finance,23,105997,19,32,73,No
EMP2477,Sales,31,105321,13,56,80,Yes
EMP2478,Finance,60,95964,10,34,74,No
EMP2479,Marketing,31,95148,17,33,66,Yes
EMP2480,Operations,31,94863,16,55,75,Yes
EMP2481,Marketing,39,103779,13,43,78,No
EMP2482,Operations,34,77136,8,44,66,No
EMP2483,HR,26,74405,2,48,79,Yes
EMP2484,Finance,39,99942,11,52,70,No
EMP2485,R&D,48,141654,14,33,91,Yes
EMP2486,Marketing,34,90204,16,50,67,Yes
EMP2487,Support,33,95166,12,32,96,Yes
EMP2488,IT,52,134185,15,51,81,Yes
EMP2489,Operations,49,75919,5,56,60,No
EMP2490,IT,21,118305,6,60,100,Yes
EMP2491,R&D,42,126244,5,31,81,Yes
EMP2492,Marketing,33,78979,6,43,69,No
EMP2493,Operations,42,103841,20,41,72,No
EMP2494,Sales,34,96796,5,40,79,No
EMP2495,Marketing,54,98431,13,58,59,No
EMP2496,Support,23,88981,15,60,72,No
EMP2497,Marketing,55,100555,15,31,74,No
EMP2498,Finance,51,108344,14,59,77,No
EMP2499,Sales,41,108233,19,37,65,No
EMP2500,Sales,58,94447,9,42,78,Yes
EMP2501,Sales,23,88936,8,60,78,No
EMP2502,Finance,38,116787,18,56,67,No
EMP2503,Support,22,98136,17,57,95,No
EMP2504,HR,52,92350,19,36,68,No
EMP2505,Marketing,28,93483,8,59,90,Yes
EMP2506,Sales,21,99736,14,32,73,No
EMP2507,R&D,22,121769,4,34,92,No
EMP2508,Marketing,47,84286,6,58,66,No
EMP2509,IT,44,115085,4,54,84,No
EMP2510,Finance,25,89489,5,57,70,No
EMP2511,HR,36,71974,3,54,77,No
EMP2512,Finance,49,97299,11,33,54,No
EMP2513,R&D,53,112664,4,45,70,No
EMP2514,Finance,43,100515,6,42,66,No
EMP2515,Marketing,22,105289,20,55,95,Yes
EMP2516,Operations,31,98547,17,56,71,No
EMP2517,R&D,43,120734,1,40,87,Yes
EMP2518,Support,34,71675,6,36,58,No
EMP2519,Finance,35,113327,16,47,76,Yes
EMP2520,HR,23,77110,15,36,63,No
EMP2521,HR,44,81263,11,43,74,No
EMP2522,Finance,29,95878,4,49,73,No
EMP2523,Finance,58,88893,5,45,40,No
EMP2524,Finance,60,99684,2,55,76,No
EMP2525,Sales,40,100196,18,56,71,Yes
EMP2526,Marketing,29,90619,9,56,76,No
EMP2527,Marketing,42,102063,14,32,86,Yes
EMP2528,Marketing,47,78421,1,30,73,No
EMP2529,Finance,29,103757,17,49,70,Yes
EMP2530,Marketing,42,87077,11,58,71,Yes
EMP2531,Sales,58,97462,3,37,84,No
EMP2532,Finance,56,118412,19,57,78,No
EMP2533,Marketing,27,106384,13,54,84,Yes
EMP2534,Operations,38,70026,2,34,70,Yes
EMP2535,HR,27,87129,16,31,63,Yes
EMP2536,IT,58,133560,18,58,77,Yes
EMP2537,Operations,31,82751,6,50,91,No
EMP2538,HR,51,79752,7,53,65,Yes
EMP2539,Sales,47,88969,1,51,65,No
EMP2540,Sales,52,100122,18,37,73,No
EMP2541,Support,33,87879,17,39,68,No
EMP2542,Marketing,38,100376,8,49,85,No
EMP2543,Support,37,95678,20,45,80,Yes
EMP2544,Marketing,29,109393,19,35,75,No
EMP2545,Finance,36,110204,5,52,100,Yes
EMP2546,Finance,46,96323,5,60,85,Yes
EMP2547,Finance,57,96206,1,50,76,Yes
EMP2548,Finance,42,95765,7,44,80,Yes
EMP2549,Finance,44,97106,11,43,64,No
EMP2550,Sales,30,95936,7,42,85,Yes
EMP2551,Sales,52,97150,16,60,74,No
EMP2552,IT,24,109216,2,53,78,No
EMP2553,Sales,47,84900,4,58,72,No
EMP2554,HR,51,96408,17,32,84,Yes
EMP2555,Marketing,35,97662,15,36,71,No
EMP2556,Marketing,31,96478,16,37,66,No
EMP2557,HR,36,92550,16,42,80,No
EMP2558,IT,28,123875,9,53,100,Yes
EMP2559,Finance,38,102931,17,55,70,No
EMP2560,Finance,36,112366,10,38,86,Yes
EMP2561,IT,52,131590,17,30,76,No
EMP2562,Support,57,81681,11,30,76,No
EMP2563,Finance,40,101918,14,38,71,No
EMP2564,Operations,27,90583,13,45,65,Yes
EMP2565,Sales,41,82151,2,57,68,No
EMP2566,R&D,35,138114,14,60,86,Yes
EMP2567,Finance,27,109568,19,58,83,Yes
EMP2568,Support,55,78156,3,33,84,No
EMP2569,R&D,29,119149,8,53,77,No
EMP2570,Support,28,84544,9,50,86,No
EMP2571,Sales,26,104645,11,59,75,No
EMP2572,Sales,23,104089,16,52,81,Yes
EMP2573,HR,52,69603,7,55,65,No
EMP2574,Sales,57,97797,9,30,80,No
EMP2575,Operations,49,103626,18,52,85,Yes
EMP2576,Marketing,33,88621,6,56,91,Yes
EMP2577,HR,32,79550,7,56,76,Yes
EMP2578,R&D,35,134865,20,34,81,Yes
EMP2579,Sales,44,90236,10,56,72,No
EMP2580,IT,51,114207,13,30,68,No
EMP2581,IT,47,105568,4,32,75,No
EMP2582,Support,35,75993,6,38,66,No
EMP2583,Operations,49,89644,6,56,89,Yes
EMP2584,R&D,48,128808,6,49,74,No
EMP2585,Marketing,41,98095,9,49,79,No
EMP2586,Sales,46,109557,10,42,94,No
EMP2587,Finance,58,88664,4,55,66,No
EMP2588,Finance,56,108598,16,42,50,No
EMP2589,IT,24,117571,17,35,66,Yes
EMP2590,HR,53,100690,20,47,72,Yes
EMP2591,Finance,42,115093,17,47,82,Yes
EMP2592,IT,23,130730,14,45,80,No
EMP2593,IT,35,111216,3,46,82,No
EMP2594,Finance,41,115913,15,35,85,Yes
EMP2595,Operations,22,82243,2,54,77,No
EMP2596,HR,26,88861,11,35,75,No
EMP2597,Finance,26,106239,7,45,80,No
EMP2598,Operations,24,103333,20,30,73,Yes
EMP2599,Operations,41,101077,13,51,94,Yes
EMP2600,Marketing,37,95341,6,32,92,No
EMP2601,R&D,39,131729,16,46,79,No
EMP2602,Marketing,53,96895,20,55,72,Yes
EMP2603,R&D,23,128050,17,43,71,Yes
EMP2604,Marketing,36,99281,13,41,75,No
EMP2605,Operations,54,83164,9,46,81,Yes
EMP2606,IT,38,127069,17,37,84,Yes
EMP2607,HR,44,89653,10,56,82,Yes
EMP2608,HR,51,73606,2,43,88,Yes
EMP2609,R&D,60,142406,12,55,95,No
EMP2610,IT,29,105887,3,31,74,No
EMP2611,Finance,46,100295,9,56,50,No
EMP2612,HR,37,86340,9,60,70,No
EMP2613,R&D,52,123025,8,46,81,Yes
EMP2614,Finance,46,102537,9,37,92,No
EMP2615,IT,46,130562,20,51,72,No
EMP2616,Marketing,47,88039,10,35,82,Yes
EMP2617,Support,29,77104,12,53,72,Yes
EMP2618,Marketing,26,86668,15,57,60,No
EMP2619,Marketing,45,88711,6,41,85,No
EMP2620,HR,32,81203,13,55,71,No
EMP2621,Operations,42,105079,18,51,78,No
EMP2622,HR,26,89941,16,42,82,Yes
EMP2623,Marketing,39,113562,17,48,89,No
EMP2624,Sales,27,100360,12,37,71,No
EMP2625,IT,38,129627,11,53,88,No
EMP2626,Operations,23,89670,10,51,72,Yes
EMP2627,Marketing,36,97249,7,59,81,Yes
EMP2628,Marketing,58,106814,11,58,100,Yes
EMP2629,Sales,30,96221,4,32,88,Yes
EMP2630,Finance,55,104784,2,49,84,Yes
EMP2631,Finance,33,109998,16,36,86,Yes
EMP2632,Support,23,69424,3,60,87,No
EMP2633,R&D,41,125621,13,33,61,No
EMP2634,HR,21,84940,6,36,78,Yes
EMP2635,HR,58,70495,4,40,76,No
EMP2636,HR,36,84487,13,40,69,No
EMP2637,R&D,37,134224,10,56,81,No
EMP2638,HR,60,77327,7,42,74,No
EMP2639,Operations,29,71968,2,32,73,No
EMP2640,Marketing,27,99950,18,39,79,Yes
EMP2641,R&D,42,121390,1,48,100,Yes
EMP2642,IT,34,139287,20,49,100,Yes
EMP2643,Sales,49,92180,9,40,72,No
EMP2644,Marketing,29,101722,17,47,79,No
EMP2645,HR,44,80478,1,54,77,No
EMP2646,Support,23,79072,17,52,66,Yes
EMP2647,IT,48,102807,1,60,82,Yes
EMP2648,Sales,44,109042,13,42,77,No
EMP2649,HR,45,77608,5,51,64,Yes
EMP2650,IT,34,115329,9,58,77,No
EMP2651,Support,53,90012,18,35,69,No
EMP2652,Support,56,70404,5,49,77,No
EMP2653,Marketing,39,76081,2,33,76,No
EMP2654,R&D,33,134089,11,39,100,Yes
EMP2655,IT,47,112859,2,36,76,No
EMP2656,Finance,44,116469,15,52,86,Yes
EMP2657,HR,53,80990,12,48,71,No
EMP2658,IT,22,124750,15,38,72,No
EMP2659,Support,59,97131,19,49,86,Yes
EMP2660,Support,39,90006,18,50,70,No
EMP2661,R&D,26,142340,17,39,87,Yes
EMP2662,Sales,30,98736,11,48,91,Yes
EMP2663,Marketing,57,102569,20,55,82,No
EMP2664,Finance,32,104938,8,39,73,Yes
EMP2665,Support,46,94294,19,47,78,No
EMP2666,R&D,30,125428,13,50,74,No
EMP2667,Support,22,93350,15,35,74,No
EMP2668,Sales,54,103737,20,37,64,No
EMP2669,Operations,36,85786,17,34,66,No
EMP2670,Marketing,21,89776,12,60,62,No
EMP2671,Finance,30,118182,19,49,72,No
EMP2672,IT,46,127277,19,54,76,No
EMP2673,IT,48,115948,9,32,77,No
EMP2674,Finance,34,88145,1,47,63,No
EMP2675,Finance,30,101185,7,55,59,No
EMP2676,Marketing,33,91871,9,42,72,Yes
EMP2677,Marketing,53,103990,9,50,93,No
EMP2678,R&D,35,115489,1,30,61,No
EMP2679,Support,59,77803,13,59,78,Yes
EMP2680,Support,53,68930,7,32,72,No
EMP2681,Operations,22,85228,2,60,88,No
EMP2682,Finance,39,123054,20,32,80,No
EMP2683,HR,50,85709,14,54,82,No
EMP2684,R&D,47,131459,5,31,90,Yes
EMP2685,Marketing,38,74512,1,58,62,No
EMP2686,HR,49,75856,5,53,75,No
EMP2687,Support,29,82608,20,34,66,No
EMP2688,R&D,51,128831,13,59,87,No
EMP2689,Finance,37,94355,1,42,91,Yes
EMP2690,Sales,33,88002,7,44,68,Yes
EMP2691,IT,41,130104,12,52,82,No
EMP2692,Finance,50,104746,18,59,71,No
EMP2693,Sales,31,84545,4,32,74,No
EMP2694,Support,36,85506,17,51,74,Yes
EMP2695,R&D,55,136281,19,41,69,Yes
EMP2696,Marketing,40,86605,9,48,80,No
EMP2697,IT,58,122260,11,31,82,Yes
EMP2698,Finance,48,98066,9,39,84,Yes
EMP2699,Sales,37,83272,4,42,69,No
EMP2700,R&D,53,118858,6,59,76,Yes
EMP2701,IT,26,122538,16,58,81,Yes
EMP2702,Sales,37,109702,17,59,61,No
EMP2703,Operations,52,106138,20,44,76,Yes
EMP2704,Sales,28,111754,17,35,87,No
EMP2705,Operations,47,85874,1,40,77,No
EMP2706,R&D,58,146930,18,53,94,Yes
EMP2707,Finance,50,118284,16,52,97,Yes
EMP2708,Support,54,82032,5,57,83,Yes
EMP2709,HR,45,94456,18,34,94,Yes
EMP2710,Operations,41,85744,6,32,86,No
EMP2711,Operations,21,101451,11,47,100,Yes
EMP2712,IT,25,130567,17,50,73,No
EMP2713,Finance,57,91469,5,40,46,No
EMP2714,HR,56,93807,19,47,61,No
EMP2715,Sales,48,109122,20,49,54,Yes
EMP2716,IT,29,103971,2,57,69,No
EMP2717,Sales,55,97762,14,53,59,No
EMP2718,IT,40,132263,20,40,64,No
EMP2719,Finance,26,97501,10,41,60,No
EMP2720,HR,49,83383,3,41,79,No
EMP2721,Support,49,88709,13,45,81,Yes
EMP2722,R&D,38,131777,13,54,94,No
EMP2723,Finance,50,100706,16,49,63,No
EMP2724,Support,53,92252,16,52,72,Yes
EMP2725,IT,41,123475,17,48,87,No
EMP2726,Operations,54,88743,1,42,100,Yes
EMP2727,Sales,44,94959,2,52,74,No
EMP2728,Support,45,96183,20,40,77,No
EMP2729,HR,22,79752,4,35,72,No
EMP2730,Operations,38,99256,9,35,89,No
EMP2731,R&D,58,138766,13,36,89,Yes
EMP2732,Sales,29,115238,18,53,92,No
EMP2733,Support,35,92711,7,47,100,Yes
EMP2734,Support,31,79814,9,32,68,No
EMP2735,Operations,32,91118,18,54,56,Yes
EMP2736,Operations,45,93628,6,60,100,Yes
EMP2737,Sales,35,87874,11,46,60,Yes
EMP2738,Finance,56,100643,13,41,63,Yes
EMP2739,R&D,54,118064,9,60,57,Yes
EMP2740,Operations,52,89787,10,56,90,Yes
EMP2741,Sales,40,122055,20,33,93,Yes
EMP2742,Finance,51,103650,20,45,57,Yes
EMP2743,Operations,58,84167,8,38,76,No
EMP2744,Marketing,26,92133,11,39,70,Yes
EMP2745,Operations,33,86867,4,36,73,No
EMP2746,Support,51,80351,17,33,63,No
EMP2747,R&D,41,127670,2,30,84,Yes
EMP2748,Finance,39,98519,3,31,72,No
EMP2749,R&D,45,143694,20,46,80,No
EMP2750,HR,59,76381,5,54,73,Yes
EMP2751,Operations,29,84816,8,57,59,No
EMP2752,IT,29,124006,11,47,73,No
EMP2753,Support,47,67447,2,60,65,No
EMP2754,R&D,55,137443,15,38,93,No
EMP2755,IT,52,118566,11,46,64,No
EMP2756,Operations,58,96609,14,60,91,No
EMP2757,Operations,60,86466,10,35,64,No
EMP2758,Finance,48,98330,11,30,74,No
EMP2759,HR,23,70461,2,34,78,No
EMP2760,Sales,25,94529,8,34,64,No
EMP2761,Finance,41,105022,11,32,77,Yes
EMP2762,Sales,48,106334,18,53,85,Yes
EMP2763,Marketing,40,85621,10,57,58,No
EMP2764,R&D,30,140332,16,60,72,No
EMP2765,Sales,48,108655,15,58,66,Yes
EMP2766,Support,30,63951,1,34,65,No
EMP2767,IT,44,115228,10,36,79,No
EMP2768,IT,55,104540,4,53,73,Yes
EMP2769,Finance,29,96666,7,49,89,No
EMP2770,Finance,24,105282,13,53,93,No
EMP2771,Sales,47,100138,9,45,85,Yes
EMP2772,IT,51,131019,13,46,91,Yes
EMP2773,R&D,32,116915,6,58,67,No
EMP2774,Operations,56,84772,9,45,85,Yes
EMP2775,HR,41,89556,5,49,93,No
EMP2776,R&D,45,145653,18,37,86,Yes
EMP2777,HR,56,76030,6,52,69,Yes
EMP2778,R&D,34,130247,7,44,77,No
EMP2779,Sales,57,104329,19,60,83,Yes
EMP2780,IT,30,137687,19,60,96,No
EMP2781,Sales,47,94306,6,60,85,No
EMP2782,Finance,40,104321,8,47,82,Yes
EMP2783,IT,41,133669,12,52,95,No
EMP2784,Sales,41,103147,18,60,70,Yes
EMP2785,Finance,52,103547,15,53,74,No
EMP2786,Marketing,36,74999,1,48,61,No
EMP2787,Marketing,57,106385,16,49,73,No
EMP2788,R&D,21,116206,6,48,69,No
EMP2789,IT,24,120747,11,37,66,No
EMP2790,R&D,28,123348,7,45,61,No
EMP2791,Operations,29,86281,19,60,50,Yes
EMP2792,HR,27,71718,5,55,65,No
EMP2793,HR,56,85168,7,35,78,No
EMP2794,R&D,54,142799,17,46,75,No
EMP2795,Operations,34,90293,12,51,67,No
EMP2796,HR,23,75856,7,30,74,No
EMP2797,Sales,45,80104,3,56,55,Yes
EMP2798,Finance,43,90391,6,60,65,No
EMP2799,Finance,22,94556,5,50,56,No
EMP2800,Operations,22,71607,3,39,65,No
EMP2801,Sales,24,109058,20,56,75,No
EMP2802,Finance,34,107922,19,45,76,No
EMP2803,Finance,30,95843,13,31,61,Yes
EMP2804,Finance,50,107131,14,44,60,No
EMP2805,HR,28,88746,20,54,74,Yes
EMP2806,Finance,29,90331,6,31,69,No
EMP2807,HR,49,74069,5,53,64,No
EMP2808,Sales,33,119805,20,53,91,Yes
EMP2809,Marketing,57,79769,7,43,69,No
EMP2810,R&D,40,132851,17,33,80,No
EMP2811,Marketing,32,87490,4,32,70,No
EMP2812,IT,42,117344,1,48,95,Yes
EMP2813,IT,30,135037,20,39,73,No
EMP2814,Operations,43,97159,13,56,76,Yes
EMP2815,HR,34,91409,19,49,63,No
EMP2816,HR,27,80743,8,44,92,Yes
EMP2817,Sales,48,95578,12,47,69,No
EMP2818,IT,34,118375,1,38,85,Yes
EMP2819,IT,22,114028,5,45,86,No
EMP2820,R&D,35,132303,18,45,69,Yes
EMP2821,HR,49,68355,3,43,60,No
EMP2822,IT,39,136585,17,50,82,No
EMP2823,Operations,41,95164,9,60,89,No
EMP2824,HR,35,73391,10,31,58,Yes
EMP2825,HR,60,95297,12,59,99,No
EMP2826,R&D,44,131991,14,58,58,Yes
EMP2827,Finance,44,100694,15,48,56,Yes
EMP2828,IT,36,110588,9,45,40,Yes
EMP2829,Marketing,50,106501,14,30,86,Yes
EMP2830,Finance,23,108007,7,30,84,No
EMP2831,Support,56,81803,8,33,65,Yes
EMP2832,IT,48,128619,17,31,78,Yes
EMP2833,Finance,44,113393,15,33,76,Yes
EMP2834,Operations,24,90152,15,32,77,No
EMP2835,Support,49,76441,4,37,92,Yes
EMP2836,HR,39,95378,12,46,81,Yes
EMP2837,Marketing,33,90885,13,35,80,No
EMP2838,IT,43,130252,18,57,80,No
EMP2839,R&D,48,126674,14,49,74,No
EMP2840,Operations,33,83945,7,49,77,Yes
EMP2841,R&D,37,120043,14,58,57,Yes
EMP2842,Finance,54,99664,8,56,88,No
EMP2843,R&D,22,121822,2,31,87,Yes
EMP2844,Operations,58,69861,1,54,73,No
EMP2845,HR,49,88783,19,45,71,Yes
EMP2846,Marketing,58,93337,8,47,69,No
EMP2847,Finance,57,108795,9,48,84,Yes
EMP2848,IT,23,119025,9,49,75,No
EMP2849,Marketing,59,107070,16,59,92,No
EMP2850,Sales,25,92471,7,44,64,No
EMP2851,Finance,47,102081,13,49,65,No
EMP2852,Finance,30,94946,7,45,71,No
EMP2853,R&D,51,143537,19,38,75,No
EMP2854,IT,34,136032,17,51,97,Yes
EMP2855,Finance,60,122476,15,55,93,Yes
EMP2856,Support,29,69455,1,36,76,Yes
EMP2857,R&D,55,119094,6,33,78,No
EMP2858,HR,37,84001,4,57,77,No
EMP2859,Finance,36,104304,12,51,70,No
EMP2860,R&D,30,123440,4,32,59,No
EMP2861,HR,55,91337,17,50,66,No
EMP2862,Finance,55,101010,13,58,69,Yes
EMP2863,IT,31,119651,4,44,98,No
EMP2864,Sales,57,99224,15,46,66,No
EMP2865,HR,55,72267,6,31,78,No
EMP2866,Operations,51,82505,3,56,66,Yes
EMP2867,Sales,45,112177,19,32,71,No
EMP2868,Finance,31,115686,17,58,86,Yes
EMP2869,Marketing,31,91314,20,51,51,No
EMP2870,Support,58,94060,16,51,87,Yes
EMP2871,HR,58,89551,12,37,72,Yes
EMP2872,Support,28,71871,12,43,65,No
EMP2873,Sales,32,102663,16,39,64,No
EMP2874,Operations,45,88413,12,33,55,No
EMP2875,Support,32,84408,10,50,90,No
EMP2876,Marketing,60,99208,13,42,79,Yes
EMP2877,Marketing,60,91835,14,30,73,Yes
EMP2878,HR,30,91424,18,40,89,Yes
EMP2879,IT,43,125559,19,54,75,No
EMP2880,IT,21,133652,17,60,91,No
EMP2881,Sales,38,105011,18,42,61,Yes
EMP2882,Support,29,77856,9,42,72,No
EMP2883,R&D,59,126838,19,32,60,Yes
EMP2884,Finance,34,105181,4,48,82,No
EMP2885,Sales,43,122505,20,50,92,Yes
EMP2886,Support,27,65384,8,36,40,No
EMP2887,HR,42,82364,6,37,83,No
EMP2888,Support,42,64862,1,59,77,No
EMP2889,Marketing,40,98777,16,34,73,No
EMP2890,HR,33,81312,10,38,91,No
EMP2891,Support,46,78784,3,45,75,No
EMP2892,Finance,54,88588,5,52,61,No
EMP2893,HR,55,91415,18,60,75,No
EMP2894,IT,27,115955,9,32,74,No
EMP2895,Finance,35,104019,11,49,79,No
EMP2896,Support,60,98885,18,49,86,No
EMP2897,Support,60,89043,18,44,69,No
EMP2898,Finance,41,105279,11,48,88,No
EMP2899,HR,28,74508,4,49,85,Yes
EMP2900,R&D,44,137266,8,52,87,Yes
EMP2901,HR,43,75430,4,32,62,Yes
EMP2902,Support,34,81822,14,40,77,No
EMP2903,IT,27,119214,17,48,74,Yes
EMP2904,HR,24,79048,1,49,86,No
EMP2905,Marketing,29,88819,10,46,83,Yes
EMP2906,Support,45,85145,9,55,73,No
EMP2907,Support,48,90744,16,43,95,Yes
EMP2908,Marketing,41,98116,14,57,81,Yes
EMP2909,R&D,42,149663,18,58,87,Yes
EMP2910,Operations,35,85647,7,55,77,No
EMP2911,HR,48,84789,5,37,82,Yes
EMP2912,Support,29,70810,6,54,65,No
EMP2913,Marketing,24,79885,4,42,64,No
EMP2914,HR,21,89517,14,35,62,Yes
EMP2915,IT,30,124265,10,35,95,No
EMP2916,R&D,51,120700,10,42,70,No
EMP2917,Finance,45,88887,1,33,83,Yes
EMP2918,Marketing,55,101411,17,50,79,No
EMP2919,HR,55,65689,1,33,60,No
EMP2920,R&D,56,129279,5,36,77,Yes
EMP2921,Operations,49,82618,1,59,79,No
EMP2922,Marketing,31,87912,14,32,62,No
EMP2923,IT,24,120791,7,46,74,No
EMP2924,Sales,48,108945,12,52,94,No
EMP2925,HR,50,96487,18,41,91,No
EMP2926,IT,40,114205,5,33,72,No
EMP2927,Sales,53,106665,11,58,74,No
EMP2928,HR,48,92095,9,39,96,Yes
EMP2929,R&D,42,118875,5,57,83,Yes
EMP2930,Sales,30,116911,15,39,98,Yes
EMP2931,R&D,60,117369,3,44,55,No
EMP2932,Marketing,31,95403,16,35,82,Yes
EMP2933,Support,31,67932,3,58,56,No
EMP2934,Finance,59,103945,13,60,78,No
EMP2935,Marketing,42,74910,7,31,45,No
EMP2936,IT,38,134759,20,58,100,Yes
EMP2937,Sales,40,97607,1,31,90,No
EMP2938,Finance,53,94496,3,52,56,No
EMP2939,R&D,53,132558,10,46,94,No
EMP2940,Marketing,37,90477,9,59,62,No
EMP2941,Marketing,37,99866,14,31,78,No
EMP2942,Finance,51,108012,20,49,67,No
EMP2943,Finance,21,103842,11,37,71,No
EMP2944,Marketing,55,97292,13,55,70,No
EMP2945,Support,58,94572,17,46,79,No
EMP2946,HR,40,77182,11,45,50,No
EMP2947,R&D,27,122774,9,56,68,Yes
EMP2948,Finance,59,121336,18,53,77,No
EMP2949,Marketing,32,100978,9,34,93,Yes
EMP2950,R&D,31,128003,17,37,62,No
EMP2951,Finance,30,91670,4,50,67,No
EMP2952,IT,57,110921,7,35,63,No
EMP2953,HR,57,85933,18,59,76,No
EMP2954,HR,32,89514,8,35,81,Yes
EMP2955,Finance,54,111660,13,44,69,Yes
EMP2956,R&D,45,122724,4,30,77,Yes
EMP2957,Marketing,33,103378,12,42,77,No
EMP2958,Marketing,41,94806,8,50,65,Yes
EMP2959,HR,51,84466,9,43,79,No
EMP2960,Sales,41,97094,10,43,54,No
EMP2961,Operations,27,73026,2,30,81,Yes
EMP2962,Support,32,81491,1,41,94,No
EMP2963,Operations,58,100393,13,44,80,No
EMP2964,Support,48,76751,13,43,65,Yes
EMP2965,HR,46,93385,12,39,87,No
EMP2966,Sales,39,81873,1,55,61,No
EMP2967,Finance,46,124805,20,56,89,Yes
EMP2968,HR,54,90467,20,30,67,No
EMP2969,Sales,48,102641,14,47,79,No
EMP2970,Support,31,88272,13,49,89,No
EMP2971,Sales,55,95569,14,47,50,Yes
EMP2972,R&D,60,109201,3,41,66,No
EMP2973,Support,32,92143,12,44,83,Yes
EMP2974,Sales,29,76325,1,60,62,Yes
EMP2975,Operations,50,86828,17,48,52,Yes
EMP2976,Finance,56,96760,1,54,66,No
EMP2977,Operations,29,73150,3,55,64,No
EMP2978,Finance,50,107914,16,44,77,No
EMP2979,IT,52,105882,10,42,58,No
EMP2980,IT,38,108978,3,49,62,No
EMP2981,IT,48,119673,9,35,83,Yes
EMP2982,Finance,49,101785,2,55,88,No
EMP2983,Marketing,44,94978,9,59,90,No
EMP2984,Operations,52,83378,2,40,91,No
EMP2985,IT,21,134791,19,34,91,No
EMP2986,HR,24,79342,3,50,92,Yes
EMP2987,Operations,47,94704,9,60,81,Yes
EMP2988,R&D,32,144415,17,35,77,No
EMP2989,Operations,38,89138,1,31,87,No
EMP2990,IT,31,118915,9,52,82,Yes
EMP2991,IT,47,122007,3,42,89,No
EMP2992,Operations,21,86315,16,32,69,No
EMP2993,HR,26,70616,4,48,74,No
EMP2994,Finance,26,103452,11,35,75,Yes
EMP2995,HR,44,76522,8,60,83,No
EMP2996,IT,33,101225,2,31,55,Yes
EMP2997,Support,58,86401,11,51,100,No
EMP2998,Finance,53,111866,19,55,77,No
EMP2999,Operations,39,81500,8,55,61,No
EMP3000,Sales,47,96101,12,34,57,No
EMP3001,R&D,28,136643,14,56,71,No
EMP3002,IT,51,100893,7,55,44,No
EMP3003,Finance,34,92263,3,31,74,No
EMP3004,Support,35,76172,6,32,78,No
EMP3005,Sales,44,91464,15,38,50,No
EMP3006,IT,47,123895,17,31,71,No
EMP3007,Support,23,90559,14,44,80,No
EMP3008,Marketing,55,107514,17,36,89,Yes
EMP3009,IT,41,124482,8,42,93,No
EMP3010,Marketing,46,76177,5,47,64,No
EMP3011,HR,49,86799,15,59,74,No
EMP3012,Operations,43,88643,3,41,78,No
EMP3013,Sales,57,96761,6,53,82,No
EMP3014,Operations,27,75704,2,45,60,No
EMP3015,HR,59,70740,4,58,78,No
EMP3016,Support,27,93312,20,51,100,Yes
EMP3017,Marketing,49,98184,13,31,72,Yes
EMP3018,Operations,35,94071,11,56,68,No
EMP3019,Finance,32,93371,1,58,80,No
EMP3020,Operations,24,84589,1,35,78,No
EMP3021,HR,26,87145,11,33,62,No
EMP3022,Operations,58,96432,9,44,95,No
EMP3023,Operations,23,95236,15,39,96,No
EMP3024,Sales,29,107373,15,49,81,Yes
EMP3025,Operations,58,97754,12,50,83,No
EMP3026,HR,21,94885,13,39,76,No
EMP3027,Sales,40,77399,1,36,69,No
EMP3028,IT,23,102147,7,43,60,No
EMP3029,Marketing,25,76286,3,47,69,No
EMP3030,Operations,60,100355,20,58,90,No
EMP3031,Operations,43,76400,8,59,64,Yes
EMP3032,Support,25,73177,2,31,86,No
EMP3033,HR,22,83954,13,48,51,No
EMP3034,Finance,55,109896,13,52,86,Yes
EMP3035,HR,36,93491,16,46,73,No
EMP3036,Sales,33,112084,19,57,93,Yes
EMP3037,Operations,35,78031,1,30,64,No
EMP3038,IT,42,117821,11,30,83,Yes
EMP3039,Operations,21,76729,3,45,77,Yes
EMP3040,Support,32,83626,10,33,86,No
EMP3041,IT,58,116009,2,50,86,No
EMP3042,Sales,35,113024,10,40,100,Yes
EMP3043,HR,23,94195,19,31,59,No
EMP3044,Operations,36,74972,1,50,55,No
EMP3045,Support,53,81361,9,37,99,Yes
EMP3046,Support,49,72779,8,55,77,No
EMP3047,HR,39,90673,11,60,100,No
EMP3048,R&D,41,132348,19,57,70,Yes
EMP3049,Support,40,80136,6,42,100,Yes
EMP3050,IT,21,113112,5,44,83,Yes
EMP3051,IT,25,129185,9,44,100,No
EMP3052,HR,49,80126,4,32,72,No
EMP3053,IT,35,137286,18,30,80,Yes
EMP3054,IT,25,131415,12,59,86,Yes
EMP3055,Finance,54,111347,19,59,73,No
EMP3056,Support,27,72202,4,46,75,Yes
EMP3057,Operations,42,99527,18,47,88,Yes
EMP3058,R&D,51,129216,6,52,82,Yes
EMP3059,HR,24,90043,11,59,76,No
EMP3060,Sales,25,114722,18,42,89,No
EMP3061,R&D,32,138292,17,38,62,Yes
EMP3062,Finance,53,108435,5,35,96,No
EMP3063,IT,21,103842,2,35,59,Yes
EMP3064,Sales,29,86278,5,31,69,Yes
EMP3065,Marketing,52,96676,9,50,76,No
EMP3066,Finance,25,117822,14,60,81,Yes
EMP3067,Sales,21,84141,5,53,73,No
EMP3068,HR,38,82515,5,37,73,Yes
EMP3069,R&D,52,129941,12,57,91,Yes
EMP3070,Sales,23,82982,5,46,67,No
EMP3071,HR,47,89314,9,42,80,Yes
EMP3072,Sales,49,108030,15,44,92,Yes
EMP3073,Finance,60,106275,18,37,78,No
EMP3074,Finance,47,92791,3,45,78,No
EMP3075,HR,31,104318,19,53,83,No
EMP3076,Marketing,36,98320,18,56,72,Yes
EMP3077,Support,46,63776,6,34,55,No
EMP3078,Support,52,59215,1,46,66,No
EMP3079,Operations,47,92564,13,44,98,Yes
EMP3080,Support,30,69790,3,48,68,No
EMP3081,Operations,44,76832,2,39,56,No
EMP3082,HR,49,79416,14,42,64,No
EMP3083,Sales,35,108854,19,43,69,No
EMP3084,R&D,33,119817,5,57,83,Yes
EMP3085,Support,28,79875,3,39,84,Yes
EMP3086,IT,42,124402,18,52,73,Yes
EMP3087,IT,27,110543,17,57,50,No
EMP3088,R&D,59,143322,20,33,72,No
EMP3089,Support,30,68086,8,53,66,No
EMP3090,Support,37,86020,8,36,95,Yes
EMP3091,Sales,29,94314,10,60,45,No
EMP3092,HR,44,90984,18,37,82,Yes
EMP3093,Sales,23,108749,8,32,95,No
EMP3094,R&D,46,124726,1,41,85,Yes
EMP3095,R&D,45,137780,19,51,73,No
EMP3096,Marketing,42,100994,7,41,85,Yes
EMP3097,Operations,57,98679,16,57,73,No
EMP3098,Support,25,95742,14,36,86,Yes
EMP3099,Finance,32,107480,11,39,64,Yes
EMP3100,Operations,60,85184,10,46,85,No
EMP3101,IT,46,127132,20,34,62,No
EMP3102,Marketing,49,103182,6,33,100,No
EMP3103,HR,50,84042,9,34,76,No
EMP3104,Marketing,32,111138,13,33,95,No
EMP3105,HR,37,89879,18,48,82,No
EMP3106,Finance,40,108511,11,58,95,Yes
EMP3107,HR,49,90802,19,43,78,Yes
EMP3108,HR,22,103093,18,50,95,Yes
EMP3109,R&D,54,128500,12,59,88,Yes
EMP3110,R&D,26,143465,18,38,99,Yes
EMP3111,Operations,38,86497,6,43,85,Yes
EMP3112,R&D,24,112728,4,45,65,No
EMP3113,IT,22,134540,17,43,82,Yes
EMP3114,R&D,50,127308,15,34,51,No
EMP3115,Operations,47,89476,7,36,69,Yes
EMP3116,HR,43,76797,5,56,76,No
EMP3117,Finance,22,94547,12,40,64,Yes
EMP3118,IT,51,102297,6,53,60,Yes
EMP3119,IT,41,124620,15,51,79,Yes
EMP3120,Marketing,35,106572,19,52,68,Yes
EMP3121,Sales,46,99944,17,55,71,No
EMP3122,Sales,28,95447,7,42,71,No
EMP3123,IT,54,125115,13,35,77,Yes
EMP3124,R&D,36,133732,12,34,73,No
EMP3125,Operations,34,93279,8,34,83,No
EMP3126,Sales,60,100105,7,58,89,No
EMP3127,IT,21,127670,10,41,86,No
EMP3128,Sales,43,86313,8,34,60,No
EMP3129,Finance,53,96352,12,31,69,No
EMP3130,R&D,23,135374,17,35,76,No
EMP3131,Finance,53,94516,6,56,82,Yes
EMP3132,Finance,30,101153,13,33,65,No
EMP3133,Sales,56,121938,18,50,93,No
EMP3134,Support,37,84331,18,57,70,No
EMP3135,R&D,33,124887,11,44,75,No
EMP3136,Sales,30,84444,5,60,68,No
EMP3137,HR,27,96078,20,39,74,No
EMP3138,IT,32,123251,6,53,81,Yes
EMP3139,HR,45,84730,6,56,100,Yes
EMP3140,HR,45,78797,8,56,50,No
EMP3141,R&D,36,113149,3,57,66,No
EMP3142,R&D,38,112721,4,56,63,Yes
EMP3143,Operations,35,98002,18,60,72,Yes
EMP3144,HR,25,80913,8,54,80,Yes
EMP3145,HR,53,82498,10,51,62,No
EMP3146,Operations,45,86968,3,40,84,Yes
EMP3147,R&D,23,125155,12,40,74,No
EMP3148,Finance,44,100052,3,43,79,No
EMP3149,Finance,57,111041,11,40,73,No
EMP3150,Support,58,73909,7,48,75,No
EMP3151,R&D,43,117346,6,31,74,Yes
EMP3152,IT,48,105694,6,51,75,Yes
EMP3153,R&D,27,114050,5,53,71,No
EMP3154,Sales,48,107731,20,42,69,No
EMP3155,R&D,46,116415,2,48,88,Yes
EMP3156,R&D,51,129522,8,32,71,No
EMP3157,IT,29,118192,15,50,59,No
EMP3158,R&D,55,133486,14,41,88,No
EMP3159,Sales,57,103915,10,36,78,No
EMP3160,Marketing,33,83896,1,60,78,No
EMP3161,Operations,32,88852,8,33,79,Yes
EMP3162,HR,43,90395,16,55,80,Yes
EMP3163,Marketing,57,107098,15,55,87,Yes
EMP3164,IT,47,123882,18,44,68,No
EMP3165,Support,52,85728,13,39,60,No
EMP3166,Finance,47,103440,7,42,67,No
EMP3167,HR,37,84406,11,31,83,No
EMP3168,R&D,33,123109,2,48,76,No
EMP3169,Marketing,57,93095,14,49,80,Yes
EMP3170,Operations,29,101478,19,52,87,Yes
EMP3171,Sales,24,97979,12,48,73,No
EMP3172,IT,54,112225,6,44,75,No
EMP3173,Support,40,88360,8,32,85,No
EMP3174,Operations,60,94065,13,41,61,No
EMP3175,Support,36,87685,10,40,75,No
EMP3176,Sales,40,81495,9,55,50,No
EMP3177,Marketing,60,76807,4,42,60,No
EMP3178,Sales,37,93987,9,48,68,No
EMP3179,Marketing,47,88520,9,30,57,No
EMP3180,IT,30,116520,8,31,72,No
EMP3181,Support,29,83880,20,53,47,No
EMP3182,Marketing,27,85947,8,35,79,No
EMP3183,R&D,29,126979,2,52,86,Yes
EMP3184,Operations,40,99157,17,41,96,Yes
EMP3185,Support,44,86542,11,45,76,Yes
EMP3186,Sales,21,82757,2,39,68,No
EMP3187,Marketing,45,77044,3,34,73,No
EMP3188,IT,43,112659,4,34,66,Yes
EMP3189,R&D,42,126066,13,57,63,Yes
EMP3190,Operations,51,89749,1,47,89,Yes
EMP3191,Finance,57,115956,20,36,83,Yes
EMP3192,Sales,37,96405,11,42,71,No
EMP3193,Finance,35,103409,18,47,57,No
EMP3194,Sales,47,102739,6,59,93,No
EMP3195,HR,36,75511,7,39,67,No
EMP3196,Finance,22,106817,10,37,77,No
EMP3197,Support,53,79535,13,55,84,Yes
EMP3198,Operations,30,88297,19,57,54,Yes
EMP3199,HR,30,78619,3,50,67,No
EMP3200,R&D,37,117399,7,31,63,No
EMP3201,Operations,24,72906,5,37,54,No
EMP3202,IT,31,133571,18,49,70,Yes
EMP3203,Support,42,79801,6,44,75,No
EMP3204,IT,33,108174,7,34,55,No
EMP3205,Sales,21,88816,5,30,83,Yes
EMP3206,HR,35,70832,1,37,84,Yes
EMP3207,R&D,49,116408,3,53,68,No
EMP3208,Operations,21,87293,15,57,58,Yes
EMP3209,R&D,60,146973,20,41,75,No
EMP3210,IT,38,109718,12,36,64,Yes
EMP3211,IT,35,124545,19,47,77,Yes
EMP3212,Sales,38,78631,5,31,53,No
EMP3213,R&D,25,142625,19,55,72,Yes
EMP3214,R&D,31,116259,6,51,40,Yes
EMP3215,HR,44,83112,2,44,82,No
EMP3216,R&D,27,131571,16,50,57,No
EMP3217,Operations,37,94430,14,33,58,No
EMP3218,Marketing,24,93732,13,41,59,No
EMP3219,R&D,30,145505,16,50,83,Yes
EMP3220,IT,41,139250,20,31,86,No
EMP3221,Operations,45,92189,13,54,56,No
EMP3222,IT,36,126326,16,37,71,Yes
EMP3223,Finance,32,98753,4,34,100,No
EMP3224,HR,36,92307,12,52,91,Yes
EMP3225,HR,25,93373,15,57,96,Yes
EMP3226,Sales,59,88046,5,41,81,No
EMP3227,Marketing,43,89122,6,49,64,Yes
EMP3228,Finance,32,112982,6,34,97,Yes
EMP3229,Support,37,67401,8,37,67,No
EMP3230,Marketing,30,84355,5,33,72,No
EMP3231,Operations,37,88951,19,58,60,No
EMP3232,HR,55,80993,7,36,56,No
EMP3233,Marketing,49,77532,1,39,60,No
EMP3234,Operations,21,79040,9,44,74,No
EMP3235,HR,44,89123,20,51,64,Yes
EMP3236,Operations,33,93616,15,45,84,Yes
EMP3237,IT,46,128029,14,50,71,No
EMP3238,Operations,47,78780,8,38,69,No
EMP3239,R&D,51,134943,11,55,87,Yes
EMP3240,Support,26,92792,13,41,98,Yes
EMP3241,IT,22,121657,12,48,73,No
EMP3242,Finance,41,98288,14,36,68,Yes
EMP3243,Operations,41,102000,19,42,75,No
EMP3244,IT,47,118447,6,56,83,No
EMP3245,IT,23,130515,14,42,90,Yes
EMP3246,Operations,27,91309,7,36,83,Yes
EMP3247,HR,23,77540,9,48,52,No
EMP3248,Finance,26,90837,6,57,69,Yes
EMP3249,IT,25,125024,12,53,69,Yes
EMP3250,Operations,55,86984,5,57,91,Yes
EMP3251,R&D,46,129047,10,58,95,Yes
EMP3252,Marketing,56,101580,18,31,76,No
EMP3253,Marketing,29,90355,1,31,77,No
EMP3254,R&D,49,129856,17,45,67,No
EMP3255,Operations,45,92792,13,39,86,No
EMP3256,Finance,59,100418,14,53,70,Yes
EMP3257,IT,28,123572,20,34,72,Yes
EMP3258,Sales,32,86207,1,39,62,Yes
EMP3259,Marketing,31,91747,20,38,54,Yes
EMP3260,R&D,53,143420,19,54,70,No
EMP3261,Finance,26,112807,16,57,69,No
EMP3262,Marketing,57,102577,17,33,70,Yes
EMP3263,Sales,28,114468,18,30,97,Yes
EMP3264,IT,21,109148,2,30,83,No
EMP3265,IT,55,110228,11,36,67,Yes
EMP3266,HR,41,73402,6,38,72,No
EMP3267,Sales,56,90403,1,59,63,No
EMP3268,IT,57,128127,20,31,89,Yes
EMP3269,Support,31,78821,15,54,66,Yes
EMP3270,Sales,53,109613,20,58,78,No
EMP3271,Sales,34,104358,16,43,79,No
EMP3272,Support,32,76516,13,44,72,Yes
EMP3273,Marketing,27,89511,1,32,81,Yes
EMP3274,Sales,59,100876,5,33,91,No
EMP3275,Sales,43,85787,6,44,73,No
EMP3276,Operations,22,91524,13,60,55,No
EMP3277,Support,27,76175,2,43,75,No
EMP3278,HR,55,90679,17,33,55,No
EMP3279,Marketing,36,96371,3,49,86,Yes
EMP3280,R&D,53,132791,4,41,86,No
EMP3281,Sales,55,99918,10,41,71,Yes
EMP3282,IT,46,122802,13,41,68,No
EMP3283,Support,55,89116,13,54,86,No
EMP3284,IT,41,128647,15,36,96,Yes
EMP3285,IT,42,116493,11,37,60,No
EMP3286,R&D,40,124517,5,48,64,No
EMP3287,R&D,38,137470,16,34,76,No
EMP3288,Marketing,25,96837,15,48,62,Yes
EMP3289,HR,56,76389,1,47,77,No
EMP3290,Marketing,56,92872,12,51,61,No
EMP3291,Marketing,46,96465,9,32,82,No
EMP3292,Marketing,28,92973,14,44,72,Yes
EMP3293,R&D,54,130145,11,36,62,No
EMP3294,Support,39,86658,19,47,84,Yes
EMP3295,Operations,21,95913,20,35,67,No
EMP3296,Operations,31,83042,4,56,62,No
EMP3297,IT,46,104799,5,60,63,No
EMP3298,HR,22,90332,18,35,78,No
EMP3299,Marketing,43,108023,17,33,75,No
EMP3300,Sales,23,96099,11,45,74,No
EMP3301,Sales,60,106381,20,53,52,No
EMP3302,Operations,47,81347,8,30,78,No
EMP3303,R&D,44,116151,1,31,78,No
EMP3304,Support,27,97294,19,58,75,No
EMP3305,Operations,34,78096,1,59,86,Yes
EMP3306,Marketing,57,87780,7,56,72,No
EMP3307,Marketing,48,112874,15,48,94,No
EMP3308,HR,28,88404,17,45,81,Yes
EMP3309,HR,22,82608,4,50,75,No
EMP3310,HR,35,74343,9,59,62,No
EMP3311,Marketing,29,105593,20,49,86,Yes
EMP3312,Support,56,89116,13,56,70,No
EMP3313,Marketing,23,94501,13,34,76,No
EMP3314,Support,51,79077,5,40,68,No
EMP3315,IT,32,105830,6,33,66,No
EMP3316,Marketing,49,80174,1,38,68,No
EMP3317,Support,40,89885,18,39,70,Yes
EMP3318,Support,41,77845,6,33,65,No
EMP3319,Sales,55,111433,8,40,97,Yes
EMP3320,Operations,43,79373,7,33,75,No
EMP3321,HR,21,76097,8,42,80,No
EMP3322,Finance,51,107359,8,59,80,No
EMP3323,R&D,52,125088,6,43,77,No
EMP3324,Operations,56,87260,11,52,60,No
EMP3325,Operations,31,87840,6,48,71,No
EMP3326,Operations,27,89630,13,33,68,No
EMP3327,Operations,60,75855,3,44,84,No
EMP3328,HR,44,78169,10,49,79,No
EMP3329,R&D,40,122919,9,45,76,No
EMP3330,IT,40,128765,15,57,86,Yes
EMP3331,Marketing,28,102001,15,33,68,No
EMP3332,R&D,33,135383,9,39,82,No
EMP3333,Sales,23,89841,11,37,60,No
EMP3334,Sales,47,95102,3,57,76,Yes
EMP3335,Sales,36,111540,17,59,68,Yes
EMP3336,R&D,53,130968,18,58,70,No
EMP3337,Finance,43,92323,6,45,67,No
EMP3338,Support,32,73425,11,51,72,No
EMP3339,Finance,49,107281,10,43,66,No
EMP3340,Sales,51,105563,17,31,90,Yes
EMP3341,Finance,43,110793,14,51,65,Yes
EMP3342,Finance,51,107807,15,53,76,No
EMP3343,Support,58,67137,3,39,78,No
EMP3344,Marketing,45,113319,14,38,96,No
EMP3345,HR,60,85605,19,48,72,Yes
EMP3346,Operations,51,77427,8,48,73,No
EMP3347,Sales,42,90410,6,33,70,No
EMP3348,Marketing,39,80030,6,50,60,No
EMP3349,Marketing,60,95846,20,53,63,No
EMP3350,Operations,52,94132,11,50,78,No
EMP3351,IT,54,101770,4,56,68,No
EMP3352,R&D,55,145199,20,51,70,No
EMP3353,Finance,29,104165,10,46,58,No
EMP3354,Finance,50,88076,1,59,70,No
EMP3355,Marketing,37,104071,11,55,82,Yes
EMP3356,R&D,31,138974,17,42,80,Yes
EMP3357,IT,34,102717,1,36,64,No
EMP3358,Finance,26,115340,19,37,73,No
EMP3359,R&D,55,115536,3,38,85,No
EMP3360,HR,60,98509,19,50,71,Yes
EMP3361,Finance,49,113579,15,48,84,No
EMP3362,Support,58,83185,7,37,78,No
EMP3363,Finance,41,111263,17,47,75,No
EMP3364,HR,41,75331,7,34,54,No
EMP3365,Finance,28,110473,19,37,76,No
EMP3366,IT,57,117902,16,39,70,No
EMP3367,Operations,43,73667,4,37,74,No
EMP3368,Operations,55,79879,4,57,71,No
EMP3369,HR,39,90608,11,31,82,Yes
EMP3370,Support,25,82422,11,59,68,No
EMP3371,R&D,34,117442,13,54,53,Yes
EMP3372,Operations,53,106811,20,42,90,Yes
EMP3373,Operations,36,99421,20,31,70,No
EMP3374,Support,26,84356,12,50,58,No
EMP3375,Sales,26,97881,11,57,66,No
EMP3376,IT,43,129472,12,55,82,Yes
EMP3377,Support,39,85913,8,42,90,Yes
EMP3378,Sales,51,103186,16,35,70,Yes
EMP3379,IT,55,134915,20,43,92,Yes
EMP3380,Sales,39,86446,6,46,74,No
EMP3381,Marketing,37,76022,3,56,71,No
EMP3382,R&D,41,121222,7,40,63,No
EMP3383,Marketing,47,93413,9,31,100,Yes
EMP3384,HR,29,80835,16,36,70,Yes
EMP3385,R&D,47,136192,7,43,90,Yes
EMP3386,Marketing,38,105864,15,33,92,No
EMP3387,Sales,58,98196,11,55,75,No
EMP3388,HR,47,87411,16,42,77,No
EMP3389,HR,57,67658,6,35,54,No
EMP3390,R&D,38,136843,11,54,74,No
EMP3391,Sales,42,109643,18,53,80,Yes
EMP3392,Marketing,33,88557,1,50,70,No
EMP3393,Finance,27,112060,13,56,79,No
EMP3394,HR,33,75512,10,60,66,No
EMP3395,Finance,53,110145,16,36,62,No
EMP3396,Sales,35,89902,7,42,71,No
EMP3397,R&D,21,119254,9,33,75,No
EMP3398,Finance,43,105531,7,46,76,No
EMP3399,Support,22,73183,6,47,79,No
EMP3400,HR,37,82133,3,50,79,Yes
EMP3401,Sales,26,109116,20,31,73,Yes
EMP3402,Marketing,38,73577,3,30,63,No
EMP3403,R&D,58,122682,9,33,68,No
EMP3404,Sales,56,90980,3,31,72,No
EMP3405,Marketing,27,86878,5,34,75,Yes
EMP3406,R&D,30,132431,13,38,59,No
EMP3407,Support,34,71795,6,35,48,No
EMP3408,IT,32,123342,10,30,100,No
EMP3409,Sales,32,101845,14,33,92,Yes
EMP3410,Marketing,45,100175,17,43,89,No
EMP3411,Sales,24,111278,16,30,82,No
EMP3412,HR,30,78541,2,31,84,Yes
EMP3413,Sales,46,101770,14,53,85,Yes
EMP3414,HR,21,88095,11,44,86,No
EMP3415,HR,24,81123,4,45,75,No
EMP3416,HR,22,94831,15,36,85,Yes
EMP3417,Sales,23,106156,15,35,78,No
EMP3418,HR,53,85088,16,58,79,No
EMP3419,R&D,30,128330,6,33,97,No
EMP3420,Marketing,47,80917,4,45,78,No
EMP3421,Finance,51,84981,1,44,74,No
EMP3422,IT,35,127088,10,39,83,No
EMP3423,IT,32,118510,12,34,85,Yes
EMP3424,Sales,58,92498,9,54,81,Yes
EMP3425,HR,58,87504,9,39,74,No
EMP3426,IT,45,120761,20,30,61,No
EMP3427,Support,43,80500,11,33,76,Yes
EMP3428,R&D,59,131479,10,53,81,Yes
EMP3429,IT,38,116296,12,56,69,Yes
EMP3430,HR,29,72220,4,33,60,No
EMP3431,Operations,55,99142,19,59,78,No
EMP3432,Support,39,90579,20,55,68,No
EMP3433,Marketing,51,105366,18,43,81,No
EMP3434,IT,34,108113,15,42,49,No
EMP3435,Marketing,40,105081,15,38,94,No
EMP3436,Finance,57,89282,4,48,77,No
EMP3437,IT,26,130974,14,39,86,No
EMP3438,Sales,46,115266,20,60,78,No
EMP3439,Sales,41,87380,8,38,61,No
EMP3440,HR,53,72720,6,33,71,No
EMP3441,Support,41,73659,9,43,82,Yes
EMP3442,IT,33,138781,16,51,92,Yes
EMP3443,HR,43,81382,11,30,89,Yes
EMP3444,HR,56,82474,17,42,60,No
EMP3445,Support,50,78306,8,48,75,No
EMP3446,Finance,28,100705,9,33,75,No
EMP3447,HR,58,63044,3,42,57,No
EMP3448,IT,52,110983,7,59,66,No
EMP3449,R&D,60,123518,2,42,96,Yes
EMP3450,Finance,56,104627,14,45,76,No
EMP3451,HR,24,67458,1,59,56,No
EMP3452,Sales,36,104736,14,33,61,Yes
EMP3453,Sales,49,94065,3,59,95,Yes
EMP3454,Operations,37,88668,11,46,89,No
EMP3455,Marketing,30,80090,1,36,60,Yes
EMP3456,Operations,34,79418,11,54,58,No
EMP3457,Support,22,83835,15,40,63,Yes
EMP3458,Marketing,46,96329,14,44,86,No
EMP3459,Finance,24,104412,18,34,73,No
EMP3460,Finance,53,97457,5,59,92,No
EMP3461,R&D,59,135407,10,60,100,Yes
EMP3462,Operations,53,76143,3,45,75,No
EMP3463,IT,50,115906,8,55,89,Yes
EMP3464,IT,35,109785,12,44,66,Yes
EMP3465,Finance,31,114785,20,33,90,Yes
EMP3466,Operations,27,100749,18,33,74,No
EMP3467,Finance,32,107143,11,41,65,No
EMP3468,Finance,23,94106,2,44,71,No
EMP3469,HR,37,91000,14,43,80,Yes
EMP3470,IT,50,103320,3,30,75,No
EMP3471,IT,33,110199,5,48,72,Yes
EMP3472,Finance,29,89468,1,50,47,No
EMP3473,Operations,21,84476,16,53,56,No
EMP3474,Marketing,40,92403,13,53,83,No
EMP3475,Marketing,32,86837,5,44,67,No
EMP3476,HR,27,94104,20,32,79,Yes
EMP3477,Operations,52,78389,7,60,73,No
EMP3478,Operations,56,88197,14,32,61,No
EMP3479,IT,31,129884,11,54,89,Yes
EMP3480,IT,46,128095,15,30,85,Yes
EMP3481,Support,45,75750,12,59,71,No
EMP3482,Marketing,25,100290,20,58,63,No
EMP3483,Support,55,90216,15,46,80,Yes
EMP3484,R&D,26,113634,6,48,67,No
EMP3485,Operations,21,80760,2,43,80,No
EMP3486,R&D,40,117755,5,34,74,No
EMP3487,Marketing,34,95606,10,31,70,No
EMP3488,IT,28,113609,5,32,86,No
EMP3489,Support,37,88457,20,53,75,No
EMP3490,IT,22,122370,13,51,67,Yes
EMP3491,Marketing,26,87933,4,33,67,No
EMP3492,Finance,54,88080,5,44,60,Yes
EMP3493,Support,35,73810,10,37,66,No
EMP3494,IT,25,127742,17,46,88,Yes
EMP3495,Support,55,54749,1,42,55,No
EMP3496,Finance,27,91692,2,35,88,Yes
EMP3497,Operations,40,88198,7,51,74,Yes
EMP3498,HR,28,82194,13,31,70,No
EMP3499,Support,21,84216,8,45,86,No
EMP3500,Support,24,70223,2,36,89,Yes
EMP3501,Sales,27,106552,20,44,59,No
EMP3502,HR,26,69272,3,55,69,Yes
EMP3503,HR,34,86193,10,59,95,Yes
EMP3504,R&D,27,135545,19,56,66,No
EMP3505,Support,23,77093,4,58,66,Yes
EMP3506,Operations,60,75812,2,53,66,No
EMP3507,Marketing,50,110250,17,40,93,Yes
EMP3508,Sales,49,89632,11,37,54,No
EMP3509,Finance,22,119108,16,59,82,No
EMP3510,HR,51,81117,5,54,87,No
EMP3511,HR,35,83450,15,33,80,No
EMP3512,Finance,60,104283,16,56,73,Yes
EMP3513,Sales,59,112234,19,50,84,No
EMP3514,Sales,52,94814,11,56,74,Yes
EMP3515,Support,56,71848,4,58,81,Yes
EMP3516,Operations,43,100397,15,57,70,No
EMP3517,HR,31,88383,9,51,80,Yes
EMP3518,Support,32,67341,6,56,69,No
EMP3519,HR,45,101475,20,51,76,No
EMP3520,Support,51,68971,1,42,59,No
EMP3521,Operations,25,97571,14,49,71,No
EMP3522,Operations,30,69599,3,40,66,No
EMP3523,Support,40,70608,5,42,87,Yes
EMP3524,Operations,23,94977,17,54,81,No
EMP3525,IT,39,115117,7,52,74,No
EMP3526,IT,39,122547,18,57,69,No
EMP3527,Sales,22,94891,1,39,91,No
EMP3528,Finance,21,96345,11,57,64,Yes
EMP3529,Finance,44,95880,3,42,63,No
EMP3530,Support,39,89211,13,52,76,Yes
EMP3531,Operations,35,80529,10,47,75,No
EMP3532,Marketing,52,102644,14,38,75,No
EMP3533,R&D,53,126843,19,55,48,No
EMP3534,Operations,41,86545,4,34,88,No
EMP3535,R&D,52,129996,11,55,82,No
EMP3536,R&D,53,120735,4,40,80,No
EMP3537,Support,23,88059,20,44,85,Yes
EMP3538,Marketing,48,97840,12,54,91,Yes
EMP3539,R&D,50,111547,5,31,66,No
EMP3540,HR,53,90675,15,33,85,Yes
EMP3541,Marketing,51,106690,18,50,75,Yes
EMP3542,Finance,52,95289,11,39,61,No
EMP3543,IT,49,127271,10,56,84,Yes
EMP3544,R&D,32,127904,13,31,79,No
EMP3545,Operations,37,86589,13,51,41,No
EMP3546,Marketing,23,96172,15,43,69,Yes
EMP3547,HR,49,81007,13,51,78,No
EMP3548,Sales,42,100186,7,53,88,No
EMP3549,Support,51,84119,14,52,85,No
EMP3550,Support,53,84503,16,49,87,Yes
EMP3551,HR,37,102088,17,59,100,Yes
EMP3552,IT,24,112270,11,54,60,No
EMP3553,Marketing,21,106218,12,55,89,No
EMP3554,IT,51,114200,7,48,77,No
EMP3555,Operations,59,98049,15,43,94,Yes
EMP3556,Operations,47,95870,15,31,68,No
EMP3557,R&D,52,122361,11,41,74,No
EMP3558,HR,36,90261,17,38,87,No
EMP3559,R&D,34,129329,13,53,81,Yes
EMP3560,IT,32,101742,5,45,63,Yes
EMP3561,Finance,50,102777,12,50,84,No
EMP3562,Finance,48,100070,6,31,66,No
EMP3563,Operations,28,91417,10,38,81,Yes
EMP3564,Operations,32,76160,4,56,64,No
EMP3565,HR,34,101470,19,57,77,Yes
EMP3566,Support,57,80617,18,30,67,No
EMP3567,Marketing,32,94019,13,38,70,No
EMP3568,Finance,49,115783,15,58,75,No
EMP3569,Sales,26,97294,13,59,83,No
EMP3570,HR,23,86548,10,48,98,Yes
EMP3571,Support,50,74617,6,38,85,No
EMP3572,R&D,31,141770,19,38,69,No
EMP3573,Sales,56,92297,1,47,77,No
EMP3574,Operations,37,90333,2,35,90,Yes
EMP3575,Operations,27,99469,20,37,74,No
EMP3576,R&D,32,128125,18,57,66,Yes
EMP3577,Finance,45,103405,8,41,69,No
EMP3578,Support,24,70152,5,56,66,No
EMP3579,R&D,46,134359,11,56,86,No
EMP3580,Operations,34,102738,19,45,96,Yes
EMP3581,Operations,22,101424,15,53,98,Yes
EMP3582,HR,47,94795,16,41,75,No
EMP3583,HR,31,73642,2,47,93,Yes
EMP3584,IT,59,104050,2,35,76,No
EMP3585,Operations,40,90378,8,49,84,No
EMP3586,Sales,32,101481,6,41,76,No
EMP3587,Sales,32,81867,1,60,80,Yes
EMP3588,Operations,42,101748,12,57,84,Yes
EMP3589,Sales,42,92547,10,40,80,No
EMP3590,Support,58,83433,17,56,57,No
EMP3591,Marketing,34,111588,20,36,75,Yes
EMP3592,Sales,46,88941,6,48,65,Yes
EMP3593,HR,43,88776,19,53,72,Yes
EMP3594,Marketing,38,79013,3,35,40,No
EMP3595,R&D,42,138599,20,42,65,No
EMP3596,HR,28,92793,5,37,97,Yes
EMP3597,Sales,25,98322,16,44,70,Yes
EMP3598,HR,45,86645,6,49,85,No
EMP3599,Finance,57,99105,7,58,59,Yes
EMP3600,IT,32,116845,13,44,80,No
EMP3601,Finance,51,103889,12,37,73,No
EMP3602,Marketing,51,94940,11,34,68,No
EMP3603,Support,37,78016,13,33,80,No
EMP3604,Support,28,89407,15,55,71,Yes
EMP3605,HR,57,95934,19,35,61,No
EMP3606,IT,38,96023,2,36,54,No
EMP3607,Finance,43,94041,8,57,74,No
EMP3608,IT,27,123121,19,50,76,Yes
EMP3609,HR,54,87388,15,45,86,Yes
EMP3610,IT,44,108751,9,57,68,Yes
EMP3611,Finance,53,116872,18,37,72,No
EMP3612,Finance,58,102498,6,53,66,No
EMP3613,Marketing,55,103262,16,45,88,No
EMP3614,Sales,34,91687,8,54,78,No
EMP3615,Support,43,74418,4,41,94,Yes
EMP3616,Marketing,48,91173,9,31,54,No
EMP3617,Operations,54,107036,17,36,82,No
EMP3618,Support,51,74269,5,42,61,No
EMP3619,Marketing,46,94187,16,34,63,No
EMP3620,Sales,41,99223,12,32,57,No
EMP3621,IT,56,119219,6,35,79,No
EMP3622,IT,43,129751,13,35,85,No
EMP3623,Marketing,49,79677,6,47,61,No
EMP3624,HR,26,75912,6,55,83,Yes
EMP3625,Marketing,26,92911,10,48,60,Yes
EMP3626,Support,46,76014,6,56,67,No
EMP3627,IT,47,118764,13,30,73,No
EMP3628,HR,58,88531,12,43,97,Yes
EMP3629,R&D,39,110067,2,30,71,No
EMP3630,Finance,57,92974,8,37,58,No
EMP3631,IT,29,121708,6,39,77,No
EMP3632,Support,21,76712,2,43,70,Yes
EMP3633,IT,50,127857,16,51,86,Yes
EMP3634,Support,24,94409,16,43,77,Yes
EMP3635,Marketing,34,103378,17,52,76,Yes
EMP3636,R&D,32,123241,7,38,74,Yes
EMP3637,Support,30,93117,8,51,100,Yes
EMP3638,Support,28,84499,1,50,97,No
EMP3639,Marketing,39,78027,3,60,69,No
EMP3640,Support,43,85137,9,58,77,No
EMP3641,Sales,50,84924,6,44,49,No
EMP3642,Support,23,89796,14,57,79,Yes
EMP3643,Marketing,59,88745,10,35,72,No
EMP3644,Finance,51,100973,11,57,72,Yes
EMP3645,R&D,22,124250,3,56,84,Yes
EMP3646,Marketing,32,73513,2,58,61,No
EMP3647,Sales,49,98379,10,38,75,No
EMP3648,Marketing,43,93792,14,54,70,No
EMP3649,Support,57,61511,9,44,40,No
EMP3650,Marketing,55,85042,12,53,57,No
EMP3651,IT,47,128633,18,48,92,Yes
EMP3652,Support,38,65448,3,50,79,No
EMP3653,HR,59,87110,11,37,64,No
EMP3654,Marketing,32,88396,3,42,74,No
EMP3655,Operations,58,105396,20,30,76,Yes
EMP3656,Finance,37,103992,14,31,72,No
EMP3657,Support,27,70661,10,37,46,No
EMP3658,Sales,50,95373,2,42,83,Yes
EMP3659,R&D,43,133502,14,38,93,No
EMP3660,Support,35,85748,13,47,60,No
EMP3661,Finance,44,106527,10,58,69,No
EMP3662,HR,24,72138,5,44,61,No
EMP3663,IT,57,104071,4,30,76,No
EMP3664,Support,22,74352,10,37,64,No
EMP3665,Support,23,87027,11,58,93,Yes
EMP3666,Support,58,85511,17,37,79,Yes
EMP3667,R&D,49,131367,7,30,80,No
EMP3668,Finance,56,96740,5,35,62,No
EMP3669,Support,51,82964,19,50,74,No
EMP3670,R&D,53,135441,17,43,79,Yes
EMP3671,Operations,59,74644,2,42,67,No
EMP3672,IT,53,136490,20,57,76,No
EMP3673,R&D,46,123747,1,53,86,Yes
EMP3674,HR,40,82027,19,34,57,No
EMP3675,R&D,24,132971,9,50,82,No
EMP3676,Support,49,64352,1,43,65,No
EMP3677,HR,25,94828,13,54,89,No
EMP3678,HR,51,92964,7,60,98,No
EMP3679,IT,53,128240,20,32,67,No
EMP3680,R&D,28,131809,18,34,61,No
EMP3681,Sales,35,87249,15,32,49,No
EMP3682,Marketing,60,93139,9,35,82,No
EMP3683,IT,22,120525,7,52,70,No
EMP3684,Finance,36,102807,11,39,61,No
EMP3685,HR,28,82807,10,41,77,No
EMP3686,Support,59,71607,6,32,58,No
EMP3687,R&D,33,111760,1,41,74,No
EMP3688,Marketing,35,108848,18,59,91,Yes
EMP3689,Marketing,36,91663,2,52,89,No
EMP3690,Finance,50,118287,18,33,94,Yes
EMP3691,HR,45,85755,13,60,63,Yes
EMP3692,HR,27,87891,13,50,61,Yes
EMP3693,IT,53,123292,3,40,100,Yes
EMP3694,R&D,24,139004,20,34,75,No
EMP3695,HR,49,71765,2,36,91,No
EMP3696,Finance,50,93961,6,42,78,No
EMP3697,Support,56,74451,6,50,81,No
EMP3698,Operations,22,69063,1,44,67,No
EMP3699,Operations,57,73055,6,50,64,Yes
EMP3700,HR,48,82990,19,51,61,No
EMP3701,Support,28,63504,6,55,63,No
EMP3702,IT,22,110516,8,49,77,No
EMP3703,IT,47,113512,7,51,82,Yes
EMP3704,Support,32,77501,9,40,69,No
EMP3705,R&D,21,131779,3,35,94,No
EMP3706,IT,40,120167,6,51,76,No
EMP3707,Support,59,85176,1,48,98,Yes
EMP3708,Operations,36,83382,1,35,89,No
EMP3709,R&D,46,113104,2,37,61,Yes
EMP3710,Marketing,36,86828,13,40,63,No
EMP3711,Marketing,23,92891,12,41,78,No
EMP3712,Finance,55,114266,15,55,95,No
EMP3713,Marketing,22,91019,8,57,59,No
EMP3714,IT,28,127894,12,57,85,Yes
EMP3715,R&D,36,133985,17,41,71,Yes
EMP3716,Sales,29,94779,8,43,93,Yes
EMP3717,R&D,59,129469,20,46,61,No
EMP3718,Marketing,57,110181,16,60,83,No
EMP3719,IT,29,106639,2,60,74,Yes
EMP3720,Support,57,90031,20,34,91,Yes
EMP3721,Support,25,86048,15,60,89,Yes
EMP3722,Operations,45,104687,20,48,68,No
EMP3723,IT,58,130678,20,55,89,Yes
EMP3724,R&D,46,135702,18,46,70,No
EMP3725,R&D,60,124233,6,41,86,Yes
EMP3726,Marketing,54,86573,6,31,68,No
EMP3727,Marketing,59,92273,8,33,67,No
EMP3728,Finance,30,94311,5,42,89,Yes
EMP3729,Finance,39,99041,10,31,64,No
EMP3730,IT,60,109582,3,60,60,No
EMP3731,Sales,23,96573,10,53,79,Yes
EMP3732,Sales,54,105615,19,45,73,Yes
EMP3733,R&D,29,112511,2,48,65,No
EMP3734,Support,40,77176,6,53,66,No
EMP3735,IT,39,97029,1,40,61,Yes
EMP3736,IT,35,110353,11,56,61,Yes
EMP3737,R&D,48,142254,14,49,80,Yes
EMP3738,Support,29,95904,19,60,73,No
EMP3739,HR,44,86613,13,47,75,No
EMP3740,Sales,21,102942,15,49,75,No
EMP3741,Support,57,92297,11,45,86,No
EMP3742,Marketing,21,103881,10,37,91,No
EMP3743,R&D,37,115638,4,52,79,No
EMP3744,R&D,60,130530,11,57,82,Yes
EMP3745,HR,52,91281,16,45,77,No
EMP3746,Operations,24,81361,8,43,81,No
EMP3747,IT,23,114794,5,52,66,No
EMP3748,Finance,58,104484,7,46,89,Yes
EMP3749,R&D,23,129555,7,39,72,No
EMP3750,Marketing,49,87526,10,47,53,Yes
EMP3751,Marketing,52,86715,14,30,46,No
EMP3752,Sales,41,101220,3,59,85,No
EMP3753,R&D,47,135034,11,32,77,No
EMP3754,HR,56,79618,12,32,58,No
EMP3755,IT,55,127355,19,41,84,No
EMP3756,HR,59,81621,3,47,80,No
EMP3757,HR,43,90534,12,47,74,Yes
EMP3758,R&D,37,125169,9,52,55,No
EMP3759,Operations,36,105644,20,51,83,Yes
EMP3760,R&D,21,113635,2,39,83,No
EMP3761,HR,40,74651,11,58,69,No
EMP3762,Sales,59,107319,18,34,88,Yes
EMP3763,HR,34,99347,19,42,69,No
EMP3764,HR,36,100046,17,41,79,No
EMP3765,Support,38,58683,1,51,60,No
EMP3766,IT,59,129106,11,32,80,No
EMP3767,Marketing,48,107062,20,36,87,No
EMP3768,IT,33,98510,2,59,60,No
EMP3769,R&D,40,142545,9,57,100,Yes
EMP3770,Support,52,75493,2,46,78,No
EMP3771,R&D,23,140124,20,35,92,Yes
EMP3772,Finance,55,100293,10,57,79,Yes
EMP3773,Sales,30,101166,13,42,83,Yes
EMP3774,HR,42,79092,6,55,81,Yes
EMP3775,Finance,28,111551,20,50,66,No
EMP3776,IT,30,104900,1,40,80,No
EMP3777,R&D,21,135513,16,45,85,Yes
EMP3778,HR,55,78345,5,59,71,No
EMP3779,Finance,49,95568,3,39,71,No
EMP3780,Sales,57,104108,9,43,77,No
EMP3781,Support,47,74969,5,57,67,No
EMP3782,Support,21,92044,12,37,79,Yes
EMP3783,Support,25,99019,18,39,86,Yes
EMP3784,R&D,21,123361,7,59,76,No
EMP3785,HR,42,69910,2,42,76,No
EMP3786,HR,44,81825,2,34,87,No
EMP3787,Finance,48,101277,9,56,90,Yes
EMP3788,Sales,58,82587,2,48,75,No
EMP3789,HR,36,68047,1,34,73,No
EMP3790,Sales,50,100659,12,48,76,No
EMP3791,Operations,35,77729,4,48,70,Yes
EMP3792,Support,23,79643,5,57,68,No
EMP3793,R&D,39,135325,11,38,87,No
EMP3794,HR,41,73173,10,53,43,No
EMP3795,Marketing,39,84266,11,37,68,No
EMP3796,Finance,56,112599,20,42,74,No
EMP3797,Sales,39,86870,10,54,58,No
EMP3798,Operations,30,91901,4,45,100,Yes
EMP3799,Operations,47,86230,13,30,77,No
EMP3800,IT,40,127699,18,43,96,Yes
EMP3801,Marketing,49,71112,5,54,51,Yes
EMP3802,Operations,25,92832,12,46,87,Yes
EMP3803,Operations,33,73900,1,32,58,No
EMP3804,Support,52,74084,4,40,81,Yes
EMP3805,R&D,57,113979,2,41,81,Yes
EMP3806,Operations,40,92697,15,48,81,Yes
EMP3807,Support,37,91976,12,36,92,No
EMP3808,R&D,58,126690,2,40,87,No
EMP3809,Finance,54,112647,19,47,50,Yes
EMP3810,Support,58,80358,7,43,93,Yes
EMP3811,Finance,56,105508,8,36,88,Yes
EMP3812,R&D,46,125413,18,60,62,No
EMP3813,R&D,24,135636,6,37,93,Yes
EMP3814,Finance,55,107717,9,37,74,Yes
EMP3815,Finance,57,102309,6,35,86,Yes
EMP3816,Sales,30,110448,20,52,76,Yes
EMP3817,IT,34,121298,19,57,67,No
EMP3818,IT,41,112284,8,54,80,No
EMP3819,R&D,45,132508,20,57,68,No
EMP3820,Sales,60,95511,6,37,70,No
EMP3821,Operations,30,80074,2,34,75,Yes
EMP3822,HR,25,85594,14,49,82,Yes
EMP3823,IT,54,123804,9,39,94,No
EMP3824,IT,59,118520,1,55,98,Yes
EMP3825,Operations,26,95441,11,56,73,No
EMP3826,R&D,41,139850,14,48,85,Yes
EMP3827,Finance,33,116591,18,60,75,No
EMP3828,Marketing,36,84885,7,51,77,Yes
EMP3829,Support,30,65038,5,45,62,No
EMP3830,Support,53,70577,2,60,79,No
EMP3831,Marketing,51,83600,1,59,75,No
EMP3832,Sales,45,90365,2,40,74,No
EMP3833,Marketing,29,92648,10,32,74,No
EMP3834,Marketing,24,85977,5,58,71,No
EMP3835,Support,51,79006,12,46,81,Yes
EMP3836,HR,48,88107,6,30,86,Yes
EMP3837,Support,33,99256,17,51,91,No
EMP3838,Support,37,77512,14,53,73,Yes
EMP3839,R&D,38,117561,11,49,59,No
EMP3840,Sales,58,109336,19,51,76,No
EMP3841,Marketing,59,78250,3,38,59,Yes
EMP3842,Operations,41,70221,1,57,64,No
EMP3843,Sales,30,99589,14,54,82,Yes
EMP3844,Sales,58,92492,9,58,67,Yes
EMP3845,Finance,31,115248,18,48,67,No
EMP3846,Finance,42,108064,20,39,51,No
EMP3847,Sales,37,85779,1,30,72,No
EMP3848,IT,29,113542,7,56,67,No
EMP3849,Marketing,52,92097,10,35,87,Yes
EMP3850,R&D,53,132581,16,32,50,No
EMP3851,IT,29,109314,7,44,60,Yes
EMP3852,Marketing,25,88610,13,46,72,Yes
EMP3853,Finance,33,98910,9,48,67,No
EMP3854,Marketing,46,82082,1,54,65,No
EMP3855,Support,49,80408,20,38,55,No
EMP3856,Sales,21,114145,20,57,66,No
EMP3857,Sales,46,98168,4,31,77,No
EMP3858,Finance,45,97571,13,34,71,Yes
EMP3859,Operations,43,92132,11,53,61,No
EMP3860,R&D,54,130620,13,40,79,No
EMP3861,Operations,52,92804,12,33,82,Yes
EMP3862,HR,21,73881,2,42,74,No
EMP3863,Support,54,71294,5,39,70,No
EMP3864,Marketing,41,77069,4,34,64,No
EMP3865,Marketing,37,86185,3,54,58,No
EMP3866,IT,33,112610,7,46,73,No
EMP3867,Support,22,88699,17,54,76,No
EMP3868,Finance,49,91966,1,60,85,Yes
EMP3869,HR,60,80826,10,55,81,Yes
EMP3870,Support,24,79463,6,31,72,No
EMP3871,HR,55,96173,20,53,72,No
EMP3872,Marketing,25,92244,7,38,74,No
EMP3873,Support,25,92311,20,45,55,No
EMP3874,R&D,29,116654,9,40,61,No
EMP3875,Finance,34,98345,12,42,63,No
EMP3876,HR,50,80495,7,41,65,No
EMP3877,R&D,40,134571,17,30,62,No
EMP3878,Marketing,22,97572,11,48,68,No
EMP3879,HR,29,87278,14,30,83,Yes
EMP3880,HR,35,86681,3,41,89,No
EMP3881,IT,42,119678,17,38,56,Yes
EMP3882,Marketing,30,71628,2,37,59,No
EMP3883,R&D,50,132538,16,39,61,No
EMP3884,Finance,40,100535,3,46,72,No
EMP3885,Marketing,54,97210,6,36,89,Yes
EMP3886,Operations,54,92276,13,52,75,No
EMP3887,Marketing,27,102800,19,43,84,Yes
EMP3888,Support,22,88538,12,53,89,Yes
EMP3889,Marketing,31,101459,15,43,80,Yes
EMP3890,R&D,33,112900,1,42,66,No
EMP3891,Sales,26,112189,12,32,89,No
EMP3892,Finance,50,106600,18,46,73,Yes
EMP3893,IT,45,120754,12,56,69,No
EMP3894,HR,47,74237,5,37,83,No
EMP3895,IT,35,122040,16,33,61,Yes
EMP3896,IT,31,120379,8,45,79,No
EMP3897,HR,23,95255,14,40,85,Yes
EMP3898,R&D,24,135419,18,38,53,No
EMP3899,R&D,58,128043,11,52,73,No
EMP3900,Operations,41,90848,7,48,91,Yes
EMP3901,HR,49,68511,7,44,63,No
EMP3902,HR,56,91755,19,39,74,No
EMP3903,Support,31,79969,13,56,61,No
EMP3904,Support,34,93010,17,30,70,Yes
EMP3905,HR,51,93161,13,32,84,Yes
EMP3906,Finance,59,102921,1,50,88,Yes
EMP3907,Finance,56,120578,18,33,83,Yes
EMP3908,Support,27,87042,17,54,87,No
EMP3909,HR,52,72773,1,59,59,No
EMP3910,HR,28,79103,2,44,86,Yes
EMP3911,R&D,30,148838,19,47,84,Yes
EMP3912,Marketing,53,98877,14,51,86,Yes
EMP3913,R&D,23,121122,8,52,69,No
EMP3914,Support,54,79243,8,36,86,Yes
EMP3915,R&D,21,130248,16,44,75,No
EMP3916,Sales,27,98774,11,40,80,No
EMP3917,Operations,49,79538,2,41,78,No
EMP3918,Sales,54,103570,9,52,78,No
EMP3919,HR,40,76800,12,46,69,No
EMP3920,Marketing,51,90019,2,50,73,No
EMP3921,IT,35,122573,11,57,86,Yes
EMP3922,Support,55,97484,20,32,78,Yes
EMP3923,R&D,49,126178,20,44,51,Yes
EMP3924,Marketing,38,93944,12,43,69,No
EMP3925,Support,51,84049,19,55,67,No
EMP3926,Support,48,81354,10,56,100,Yes
EMP3927,Sales,29,103190,20,40,54,No
EMP3928,Finance,43,114912,19,60,77,Yes
EMP3929,IT,59,108597,5,51,69,No
EMP3930,Sales,23,98546,5,48,77,Yes
EMP3931,Operations,40,77282,6,56,76,No
EMP3932,Operations,25,102569,18,41,82,No
EMP3933,Sales,58,101915,14,55,52,Yes
EMP3934,Marketing,45,102921,16,52,93,Yes
EMP3935,Finance,43,115199,19,41,58,No
EMP3936,Marketing,60,77342,4,43,70,No
EMP3937,Operations,21,79440,6,58,82,Yes
EMP3938,Finance,39,105156,4,37,87,No
EMP3939,Marketing,51,97930,13,52,89,No
EMP3940,Sales,52,92123,15,39,62,No
EMP3941,IT,58,102954,5,47,60,No
EMP3942,HR,30,97171,14,60,84,Yes
EMP3943,HR,57,94139,19,42,72,No
EMP3944,Support,45,77467,15,44,67,No
EMP3945,Support,47,82185,14,43,75,No
EMP3946,Sales,38,100666,6,55,74,No
EMP3947,IT,29,113255,5,51,72,No
EMP3948,HR,25,75671,7,53,66,No
EMP3949,Sales,47,104521,16,41,73,No
EMP3950,Finance,41,93537,5,50,73,No
EMP3951,Support,28,77519,9,39,82,No
EMP3952,Operations,25,100550,15,39,76,No
EMP3953,Operations,48,83560,10,34,82,Yes
EMP3954,Support,36,78401,16,54,66,Yes
EMP3955,Finance,57,116582,19,55,75,No
EMP3956,Operations,43,86637,19,54,55,No
EMP3957,R&D,49,134342,13,57,91,Yes
EMP3958,HR,34,79640,18,40,60,No
EMP3959,Operations,42,86498,3,53,73,No
EMP3960,Marketing,39,89900,9,58,66,No
EMP3961,IT,32,119176,18,59,59,No
EMP3962,Sales,35,95607,3,38,71,No
EMP3963,Support,26,72293,12,51,59,Yes
EMP3964,Finance,28,107206,9,52,76,No
EMP3965,R&D,58,129282,11,36,97,Yes
EMP3966,Operations,39,89119,8,44,84,No
EMP3967,Support,27,91327,17,36,88,Yes
EMP3968,HR,27,102061,18,45,79,Yes
EMP3969,Marketing,34,95598,19,32,62,Yes
EMP3970,R&D,55,144143,14,35,100,Yes
EMP3971,HR,52,92828,18,32,69,No
EMP3972,Operations,48,84967,10,34,73,No
EMP3973,HR,47,92909,18,50,78,No
EMP3974,Sales,36,95184,3,41,69,No
EMP3975,Sales,21,99331,13,31,82,No
EMP3976,Support,42,85543,11,59,77,Yes
EMP3977,Operations,29,88014,6,39,74,No
EMP3978,Support,47,79039,16,31,69,No
EMP3979,Marketing,41,111188,19,48,78,No
EMP3980,Sales,34,102159,17,34,79,Yes
EMP3981,IT,38,113069,2,31,83,Yes
EMP3982,IT,24,114591,12,42,74,No
EMP3983,Finance,60,95794,2,57,92,Yes
EMP3984,Sales,35,107352,19,33,84,Yes
EMP3985,IT,44,110101,6,46,51,Yes
EMP3986,Sales,59,110388,9,40,97,No
EMP3987,Marketing,42,82389,5,36,70,No
EMP3988,Marketing,60,108793,15,43,88,Yes
EMP3989,Marketing,58,102713,17,43,66,Yes
EMP3990,Operations,36,93885,14,54,79,No
EMP3991,R&D,36,119356,9,51,59,Yes
EMP3992,R&D,35,133528,12,42,67,No
EMP3993,Operations,32,86419,13,60,56,No
EMP3994,Marketing,52,95633,13,60,87,Yes
EMP3995,Sales,53,85874,2,49,85,Yes
EMP3996,Operations,35,89309,8,42,68,No
EMP3997,Operations,31,72436,10,58,40,No
EMP3998,Support,48,81822,11,51,88,Yes
EMP3999,Support,29,90824,19,47,90,Yes
EMP4000,Support,52,83379,19,34,62,Yes
